-- phpMyAdmin SQL Dump
-- version 5.2.1
-- https://www.phpmyadmin.net/
--
-- Host: 127.0.0.1
-- Generation Time: Mar 17, 2024 at 07:56 AM
-- Server version: 10.4.32-MariaDB
-- PHP Version: 8.2.12

SET SQL_MODE = "NO_AUTO_VALUE_ON_ZERO";
START TRANSACTION;
SET time_zone = "+00:00";


/*!40101 SET @OLD_CHARACTER_SET_CLIENT=@@CHARACTER_SET_CLIENT */;
/*!40101 SET @OLD_CHARACTER_SET_RESULTS=@@CHARACTER_SET_RESULTS */;
/*!40101 SET @OLD_COLLATION_CONNECTION=@@COLLATION_CONNECTION */;
/*!40101 SET NAMES utf8mb4 */;

--
-- Database: `ehr_db`
--

-- --------------------------------------------------------

--
-- Table structure for table `admin`
--

CREATE TABLE `admin` (
  `admin_id` int(11) NOT NULL,
  `staff_id` varchar(50) NOT NULL,
  `name` text NOT NULL,
  `contact` varchar(20) NOT NULL,
  `email` varchar(100) NOT NULL,
  `user_id` int(11) NOT NULL
) ENGINE=InnoDB DEFAULT CHARSET=utf8mb4 COLLATE=utf8mb4_general_ci;

--
-- Dumping data for table `admin`
--

INSERT INTO `admin` (`admin_id`, `staff_id`, `name`, `contact`, `email`, `user_id`) VALUES
(2, 'A-123123', 'Sakunni Weerasingher', '0737777777', 'sakusui@gmail.com', 15),
(3, 'A-129123', 'Nimash Bandara', '0738768762', 'dbshan@gmail.com', 16);

-- --------------------------------------------------------

--
-- Table structure for table `appointment`
--

CREATE TABLE `appointment` (
  `appointment_id` int(11) NOT NULL,
  `date` date NOT NULL,
  `type` varchar(50) NOT NULL,
  `status` varchar(60) NOT NULL,
  `patient_id` int(11) NOT NULL,
  `doc_id` int(11) NOT NULL
) ENGINE=InnoDB DEFAULT CHARSET=utf8mb4 COLLATE=utf8mb4_general_ci;

-- --------------------------------------------------------

--
-- Table structure for table `audit_trail`
--

CREATE TABLE `audit_trail` (
  `trail_id` int(11) NOT NULL,
  `event_type` varchar(100) NOT NULL,
  `description` text NOT NULL,
  `datetime` datetime NOT NULL,
  `username` varchar(50) NOT NULL
) ENGINE=InnoDB DEFAULT CHARSET=utf8mb4 COLLATE=utf8mb4_general_ci;

--
-- Dumping data for table `audit_trail`
--

INSERT INTO `audit_trail` (`trail_id`, `event_type`, `description`, `datetime`, `username`) VALUES
(3, 'Add Account', 'Created recptionit id 14 account', '2024-03-15 23:44:04', 'jdone13');

-- --------------------------------------------------------

--
-- Table structure for table `category`
--

CREATE TABLE `category` (
  `category_id` int(11) NOT NULL,
  `name` varchar(50) NOT NULL,
  `value_range` varchar(50) NOT NULL
) ENGINE=InnoDB DEFAULT CHARSET=utf8mb4 COLLATE=utf8mb4_general_ci;

--
-- Dumping data for table `category`
--

INSERT INTO `category` (`category_id`, `name`, `value_range`) VALUES
(1, 'Normal Range', '< 100 mg/dL'),
(2, 'Prediabetes', '100 mg/dL - 126 mg/dL'),
(3, 'Diabetes Range', '126 mg/dL >');

-- --------------------------------------------------------

--
-- Table structure for table `chart`
--

CREATE TABLE `chart` (
  `chart_id` int(11) NOT NULL,
  `chart_name` varchar(120) NOT NULL,
  `date_created` date NOT NULL,
  `x_label` varchar(70) NOT NULL,
  `y_label` varchar(70) NOT NULL,
  `data_points` text NOT NULL,
  `patient_id` int(11) NOT NULL
) ENGINE=InnoDB DEFAULT CHARSET=utf8mb4 COLLATE=utf8mb4_general_ci;

-- --------------------------------------------------------

--
-- Table structure for table `complication`
--

CREATE TABLE `complication` (
  `complication_id` int(11) NOT NULL,
  `complication` varchar(80) NOT NULL,
  `type` varchar(50) NOT NULL,
  `severity` varchar(30) NOT NULL,
  `diagnosis_id` int(11) NOT NULL
) ENGINE=InnoDB DEFAULT CHARSET=utf8mb4 COLLATE=utf8mb4_general_ci;

-- --------------------------------------------------------

--
-- Table structure for table `diagnosis`
--

CREATE TABLE `diagnosis` (
  `diagnosis_id` int(11) NOT NULL,
  `diabetes_type` varchar(50) NOT NULL,
  `date` date NOT NULL,
  `patient_id` int(11) NOT NULL,
  `doc_id` int(11) NOT NULL
) ENGINE=InnoDB DEFAULT CHARSET=utf8mb4 COLLATE=utf8mb4_general_ci;

-- --------------------------------------------------------

--
-- Table structure for table `dietary_plan`
--

CREATE TABLE `dietary_plan` (
  `dplan_id` int(11) NOT NULL,
  `dplan_name` varchar(100) NOT NULL,
  `category_id` int(11) NOT NULL
) ENGINE=InnoDB DEFAULT CHARSET=utf8mb4 COLLATE=utf8mb4_general_ci;

-- --------------------------------------------------------

--
-- Table structure for table `doctor`
--

CREATE TABLE `doctor` (
  `doc_id` int(11) NOT NULL,
  `staff_id` varchar(50) NOT NULL,
  `name` text NOT NULL,
  `contact` varchar(20) NOT NULL,
  `specialization` text NOT NULL,
  `user_id` int(11) NOT NULL
) ENGINE=InnoDB DEFAULT CHARSET=utf8mb4 COLLATE=utf8mb4_general_ci;

--
-- Dumping data for table `doctor`
--

INSERT INTO `doctor` (`doc_id`, `staff_id`, `name`, `contact`, `specialization`, `user_id`) VALUES
(1, 'D-123123', 'Docotr Name', '0738768762', 'Diabetes', 26),
(2, 'D-123144', 'AAA Fernando', '0738768762', 'Endrocrine', 27);

-- --------------------------------------------------------

--
-- Table structure for table `dplan_food`
--

CREATE TABLE `dplan_food` (
  `dplan_id` int(11) NOT NULL,
  `food_id` int(11) NOT NULL
) ENGINE=InnoDB DEFAULT CHARSET=utf8mb4 COLLATE=utf8mb4_general_ci;

-- --------------------------------------------------------

--
-- Table structure for table `emergency_contact`
--

CREATE TABLE `emergency_contact` (
  `contact_id` int(11) NOT NULL,
  `name` varchar(100) NOT NULL,
  `relationship` varchar(50) NOT NULL,
  `contact` varchar(20) NOT NULL
) ENGINE=InnoDB DEFAULT CHARSET=utf8mb4 COLLATE=utf8mb4_general_ci;

--
-- Dumping data for table `emergency_contact`
--

INSERT INTO `emergency_contact` (`contact_id`, `name`, `relationship`, `contact`) VALUES
(1, 'William', 'Father', '0728982892'),
(4, 'Nimal Perera', 'Father', '0748888888'),
(5, 'Sita Perera', 'Mather', '0748888888');

-- --------------------------------------------------------

--
-- Table structure for table `eplan_activity`
--

CREATE TABLE `eplan_activity` (
  `eplan_id` int(11) NOT NULL,
  `activity_id` int(11) NOT NULL,
  `intensity` varchar(70) NOT NULL,
  `duration` text NOT NULL
) ENGINE=InnoDB DEFAULT CHARSET=utf8mb4 COLLATE=utf8mb4_general_ci;

-- --------------------------------------------------------

--
-- Table structure for table `exercise_plan`
--

CREATE TABLE `exercise_plan` (
  `eplan_id` int(11) NOT NULL,
  `eplan_name` varchar(70) NOT NULL,
  `category_id` int(11) NOT NULL
) ENGINE=InnoDB DEFAULT CHARSET=utf8mb4 COLLATE=utf8mb4_general_ci;

-- --------------------------------------------------------

--
-- Table structure for table `family_history`
--

CREATE TABLE `family_history` (
  `family_history_id` int(11) NOT NULL,
  `name` varchar(80) NOT NULL,
  `relationship` varchar(50) NOT NULL,
  `disease` varchar(80) NOT NULL,
  `history_id` int(11) NOT NULL
) ENGINE=InnoDB DEFAULT CHARSET=utf8mb4 COLLATE=utf8mb4_general_ci;

-- --------------------------------------------------------

--
-- Table structure for table `food`
--

CREATE TABLE `food` (
  `food_id` int(11) NOT NULL,
  `name` varchar(50) NOT NULL,
  `meal_time` varchar(50) NOT NULL,
  `amount` varchar(50) NOT NULL
) ENGINE=InnoDB DEFAULT CHARSET=utf8mb4 COLLATE=utf8mb4_general_ci;

-- --------------------------------------------------------

--
-- Table structure for table `history`
--

CREATE TABLE `history` (
  `history_id` int(11) NOT NULL,
  `date` date NOT NULL,
  `reffered_by` varchar(100) NOT NULL,
  `substance_use` text NOT NULL,
  `medication_on` text NOT NULL,
  `patient_id` int(11) NOT NULL
) ENGINE=InnoDB DEFAULT CHARSET=utf8mb4 COLLATE=utf8mb4_general_ci;

-- --------------------------------------------------------

--
-- Table structure for table `history_allergies`
--

CREATE TABLE `history_allergies` (
  `history_id` int(11) NOT NULL,
  `allergies` varchar(500) NOT NULL
) ENGINE=InnoDB DEFAULT CHARSET=utf8mb4 COLLATE=utf8mb4_general_ci;

-- --------------------------------------------------------

--
-- Table structure for table `history_past_medical_history`
--

CREATE TABLE `history_past_medical_history` (
  `history_id` int(11) NOT NULL,
  `past_medical_history` varchar(200) NOT NULL
) ENGINE=InnoDB DEFAULT CHARSET=utf8mb4 COLLATE=utf8mb4_general_ci;

-- --------------------------------------------------------

--
-- Table structure for table `lab_technician`
--

CREATE TABLE `lab_technician` (
  `lab_tech_id` int(11) NOT NULL,
  `staff_id` varchar(50) NOT NULL,
  `name` text NOT NULL,
  `contact` varchar(20) NOT NULL,
  `user_id` int(11) NOT NULL
) ENGINE=InnoDB DEFAULT CHARSET=utf8mb4 COLLATE=utf8mb4_general_ci;

--
-- Dumping data for table `lab_technician`
--

INSERT INTO `lab_technician` (`lab_tech_id`, `staff_id`, `name`, `contact`, `user_id`) VALUES
(1, 'L-123678', 'lab user name', '0738768762', 24),
(2, 'L-356253', 'Megans Surname', '0738989873', 25);

-- --------------------------------------------------------

--
-- Table structure for table `lab_test`
--

CREATE TABLE `lab_test` (
  `test_id` int(11) NOT NULL,
  `test_name` varchar(100) NOT NULL,
  `normal_range` varchar(100) DEFAULT NULL
) ENGINE=InnoDB DEFAULT CHARSET=utf8mb4 COLLATE=utf8mb4_general_ci;

--
-- Dumping data for table `lab_test`
--

INSERT INTO `lab_test` (`test_id`, `test_name`, `normal_range`) VALUES
(1, 'Fasting blood sugar (FBS)', '< 99 mg/dL'),
(2, 'Random blood sugar (RBS)', '< 140 mg/dL'),
(3, 'Post Prandial Blood Sugar (PPBS)', '< 140 mg/dL'),
(4, 'HbA1c Test', '< 5.7%'),
(5, 'Total Cholesterol ', '< 200 mg/dL'),
(6, 'Blood Urea Nitrogen (BUN)', '6 mg/dL – 24 mg/dL'),
(7, 'Alanine Transaminase (ALT)', '4 U/L - 36 U/L'),
(8, 'Foot Ulcer Culture', NULL),
(9, 'Retinal Photography', NULL),
(10, 'C-peptide Test', '0.5 ng/mL - 2.0 ng/mL');

-- --------------------------------------------------------

--
-- Table structure for table `medicine`
--

CREATE TABLE `medicine` (
  `med_id` int(11) NOT NULL,
  `med_name` varchar(100) NOT NULL,
  `type` varchar(50) DEFAULT NULL,
  `status` varchar(50) DEFAULT NULL,
  `supplier_name` varchar(100) NOT NULL,
  `manu_date` date NOT NULL,
  `exp_date` date NOT NULL
) ENGINE=InnoDB DEFAULT CHARSET=utf8mb4 COLLATE=utf8mb4_general_ci;

--
-- Dumping data for table `medicine`
--

INSERT INTO `medicine` (`med_id`, `med_name`, `type`, `status`, `supplier_name`, `manu_date`, `exp_date`) VALUES
(1, 'Metformin', 'Oral', 'Available', 'ABC Pharmaceuticals', '2024-01-01', '2025-11-01'),
(2, 'Sulfonylureas', 'Oral', 'Available', 'XYZ Pharmaceuticals', '2023-03-16', '2025-02-01'),
(3, 'Sitagliptin', 'Oral', 'Available', 'Pharma Solutions Inc.', '2023-10-16', '2025-06-01'),
(4, 'Liraglutide', 'Non-Oral', 'Available', 'MedPro Biotech', '2023-03-15', '2025-07-17'),
(5, 'Empagliflozin', 'Oral', 'Available', 'Health Pharma Co.', '2023-08-09', '2025-05-15'),
(6, 'Insulin Lispro', 'Non-Oral', 'Available', 'Pharma Solutions Inc.', '2024-01-09', '2026-01-01'),
(7, 'Acarbose', 'Oral', 'Unavailable', 'Apex Formulations', '2024-03-13', '2025-03-13'),
(8, 'Pioglitazone', 'Oral', 'Unavailable', 'ABC Pharmaceuticals', '2024-01-09', '2025-06-28');

-- --------------------------------------------------------

--
-- Table structure for table `message`
--

CREATE TABLE `message` (
  `message_id` int(11) NOT NULL,
  `text` text NOT NULL,
  `status` varchar(50) NOT NULL,
  `date` date NOT NULL,
  `time` time NOT NULL,
  `sender_id` int(11) NOT NULL,
  `reciever_id` int(11) NOT NULL
) ENGINE=InnoDB DEFAULT CHARSET=utf8mb4 COLLATE=utf8mb4_general_ci;

-- --------------------------------------------------------

--
-- Table structure for table `patient`
--

CREATE TABLE `patient` (
  `patient_id` int(11) NOT NULL,
  `phn` varchar(50) NOT NULL,
  `nic` varchar(20) NOT NULL,
  `first_name` varchar(64) NOT NULL,
  `last_name` varchar(64) NOT NULL,
  `name_with_intials` varchar(100) NOT NULL,
  `dob` date NOT NULL,
  `house_no` varchar(20) NOT NULL,
  `street` varchar(100) NOT NULL,
  `city` varchar(100) NOT NULL,
  `gender` varchar(50) NOT NULL,
  `contact` varchar(20) NOT NULL,
  `email` varchar(100) NOT NULL,
  `picture` blob DEFAULT NULL,
  `emergency_contact_id` int(11) DEFAULT NULL,
  `category_id` int(11) DEFAULT NULL,
  `user_id` int(11) DEFAULT NULL
) ENGINE=InnoDB DEFAULT CHARSET=utf8mb4 COLLATE=utf8mb4_general_ci;

--
-- Dumping data for table `patient`
--

INSERT INTO `patient` (`patient_id`, `phn`, `nic`, `first_name`, `last_name`, `name_with_intials`, `dob`, `house_no`, `street`, `city`, `gender`, `contact`, `email`, `picture`, `emergency_contact_id`, `category_id`, `user_id`) VALUES
(2, '31278313333', '324342233232', 'Nimal', 'Perera', 'N.M.G Perera', '1998-10-21', '34', 'Kandy street', 'Matale', 'female', '0733222222', 'jddcolombo@gmail.com', NULL, 5, 1, 20),
(4, '67676767676', '2003939393', 'Jack', 'Doe', 'J.D Doe', '1995-03-16', 'No 01', 'Kandy Street', 'Kandy', 'Male', '0738768762', 'j4444d@gmail.com', NULL, 1, 2, 21);
INSERT INTO `patient` (`patient_id`, `phn`, `nic`, `first_name`, `last_name`, `name_with_intials`, `dob`, `house_no`, `street`, `city`, `gender`, `contact`, `email`, `picture`, `emergency_contact_id`, `category_id`, `user_id`) VALUES
(5, '67675667676', '2000300281', 'Sriya', 'Pererea', 'X.Y.Z Perera', '2015-03-10', 'No 01', 'Kandy', 'Kandy', 'Female', '0738768762', 'jdiajdpa@gmail.com', 0x89504e470d0a1a0a0000000d4948445200000200000002000806000000f478d4fa0000000473424954080808087c0864880000000970485973000010cf000010cf013d414efa0000001974455874536f667477617265007777772e696e6b73636170652e6f72679bee3c1a0000673c4944415478daedbd0978556596ee7f1dca2abb86aeaab66be8db557dfbdfd535d85d76559fbdcf3c652281408024640214150541149c10079c07549cc519c5120451111090f19c0c249010421812028440209010a640200919f87f4b762c54860c6b8fe7bdcff37bae5d22e79cfdadef5deffe86b5fecfe9d3a7ff0f00c05cd86cb62b04ff6a3bf3fffa094608260aa60a3e142c17940ab62a54286c53d8aeb043a15261a7429542b960b560a16086e005c18382b1822c4182c02ef89de0e7824b313e0098033c04008c99e02f155c2db85649ba7305394a323f22386d503a0487153351245820785e310cf18a51b81c630c000c000048f66792fd1f05c394649f2b68347092ef2dadcaaac352c16b82098224c5f0fc003101000c0000564cf697087eaf2c9fd39b71b6e0b885937d4f5610f60842827704e3056ec195881f00600000305bd2ff95e066c1624103927c8f570dd60bde10dc20f86f9c3700000600002326fdff14dcad1ca06b470257055a39090b9e11a40a7e8bd803000600003d92be24785cb019c959376a951b0b7453a18fe01f109b00c00000c09df02f17c4085e115423f91a9266c132e5a0e11f11b700c00000d0db37fdf794eb6e48b2e6826a1b4c130c10fc10f10c600000005d79db4f53f6f49148b13a00000c0000164ffc3f572aec61891fab0300c00000100189ffbf046f0a4e223146eceac02241260e120218000022a3484f7fa58e3e9220e8e498e07de5c0276a0f001800002c94f87f2418a734c741c2031762af5277e01acc1d000300807913ff6582d18203486ca00750b7c5bb04ff82f904600000304ff2a722319b90c40003edcab6d175b49a84f9056000003066e2ffa372b80b890ba8c109c12c411ce61b800100c01889ff9f042f2b4d6590a88016d00ad38d82ef630e02180000b44ffcdf535acaa26a1fd08b3ac143825f604e02180000b449fe49826d91946c2461741c926d87df2e95f475c9ab87f8ecd9693d24d56bcfeee796f3a21d52a147963689bf77a7f8fbebc5e79c4252ef716d8177a8c604e627800100409dc47f8d60a5c592c729972c95c7bbe47c4aea37473943f7c6bb729eedef297c77b0afecb334ffbe1559c196d0d0e0692df83233d0f8699abf66468aafe2d581de9227133d6b26c5bb72c7c438c3d7061ca1248f9cebb34ba5f299ee7c1d48fedf61a9209e6a4f60ce02180000780af9dc638137d476f1b65dd95fbc7d4f887365bf3dd8b7797956b059abe4cecdd2ccc0890f527cdb9e1226810c42b2d79e1d7048c5b264db237e6b5b841b812d8291821f600e031800007a96fcffaf59dffa2911d29b3d25477a9b5e9219386ed664df5d5664054f7d94eaaf7aaebfa7707cac2b9b5637bc766963049660a65a148f087e89f90c600000e87af21f2c3868a27dfa8644f1764fcbe60bd303072325d977879559c1d6f7927de577f771e52479ecb94ee9ab2a8ded11724ee055c1af30b7010c0000e74ffcffa034ec3143d23f34d063cf993ac053a4e55ebd95a095915792bc25a3a39de138a7bc46b6d9f65bd808340a9e10fc23e63a800100e09bc9ffaf82728327fd3adaef7e29c9bb7ee5d0601b92383ff3d203b5b492322ce008295b07563b53705839d77225e63d80010038e867b3dd296831e87e7e4d9acf1e9e36d05bba6a68b01d495a5b1665048e3cdacf9d4fb710941b0856310235825182cba1030006004462f2ffb5609911053aca2115d19bbe48fa1d48c4c66146b2af82b60ca82e8245ea17d059880c5c1f04300020d28afad41b4c8c5b06b8e5dcbfa5f8b623d99ae30c015d451cecb5e7c8d2576d7dcd6c04c8d0f4853600180060f5e4ff90c1f6f68fd29ef3e7e9815a2456f33233d55f392ee6ebd501b3162bca16b8a113000600582df15fae944e35cc7dfddb629d61aa8287046a2da8aae1a86867880a3099d4082c105c0ddd003000c00ac9ff8782c5461057b72c953dd2d79d8f93fc91c1f4c1be323ac829196fcbe96250a7cb29743d161a026000805993ff2f05457a0b2a35d57929c95b8ca418b9c588a842213555325965c25d8201d012000300cc96fc7f2fd07b19f6d8ad31ce3025002442a01c203c3629de9d6bb2f302f304bf81ae0018006086e4efd2bba42f95e89d9f1ea843d203173b2f6097be7ad3364345c1bb503f00c000002327ff417a2eb3ba6469eb1b83bc1b91e04057a1424f4f277ad6f8ecd20613188152dc16003000c088c97f8c5e8d5e249bed08b5dcc5013fd0ab8383c9be725a3d3278b121daba784bf073e80e8001004628ebfb945e6248cd791666040e218101cede04c3038e9074a686bf915b0f5f0b0d02780840cfe4ff9e1e02e8946d15ef0cf66d41c2026ab1343370e2ce3857b643b25519d8087c21f805f408060000ad0dc08b7a881ebdf52fcb0a362149018dce09743cd3df53a8dc1e30a209a813244293600000d02af9dfa7c769e8c909ee3c2425a0676322e59c80115b16bf8a96c3300000a89dfc6fd27cc95fb26d9f95eaaf44120246e0c314ff8e38a7bcc68026a04cf017e8140c00006a24ff64addf7ea82ffcb2ace049241e6034de1eecdb6cc0ad8116a56e00da0dc30000c096fc8382660d85ecc4fd09ee5c241a60745e4cf21653bf098319819582ff0bed820100a0b7c9ffaf82062d6bf8d3322b920b30d361c1c7fb790a44ecee3490093824488586c10000d0d3e4ff3be5a4b126a2d5df2de7d1152c241560ca064443836d13fbb87264c9b6cf4046603a0e08c20000d0dde4ff6b81666f34d4c00749045801baaa3a56c4b374e62ddc082660bde0b7d035180000ba92fc7faad41fd7429cda26c5bbb0df0f2cd985f0da8023a4f1f9990b5510f443df600000b850f2ff812047ab53cbb4778a6401acccec547f55d021151bc00450af835ba073300020b293fc5502499022b853f0b26081f2d67f4cab93fecf0ff0ac43820091c2c37dddab250dcfd45c80370557400b610080b513fd1f04370ba609160bb6283dc6751520218247d1be1744228b33030da95e7bb65e1d34cf82aa1afe123a090300acd3a0e76aa53def1cc17e23d62f17c9bffefd64df56240310c950432b972c95eb3c1ff7d04a20f41306009833e15f231827f84439e473dac8c892ade6a3547f1512000067ae0dde1eeb0a6bb8ed762e9a04c3a0a93000c0f849ff5241bc6096cd38578cba5ae067e7a769fe1a083f00df645e7aa036de25e7eb3c479f237d81cec20000e325fedf0b9e14ec3553d2efc4254b150bd203f5107b00cecf93899e353ad70ef848f03d682e0c00d03fe9ff44e9beb7da8c49ffec65fff9e9813a083c0017e7f3f4406d94435aa7e39cfd0295036100807efbfa31820f0527cd9cf8158e7f90e2db066107a07bbd0594b3014d3acd5bbaa5f01368320c00d0aef8ce04c16e0b24fdaf2bfc4d1de02982a003d033a829166d9fe9347f6915e22ae8330c00502ff17f4f30caac7bfb17e2ce385736441c80deb1222bd892e5778475aa1b5086b6c23000409dd3fcc30595564bfc44bacf8ec63e0030f24a92b784ced3e8309faba82b28741b0600f0ecf1272b15f94e5b9158a7bc76d5d0603b441b00e62a821981a309fa5c17a4a262d740c3610040cf937f82b2af76daaa5065b3a5998146883500eaa11c106cd5787e1f1638a1e53000a07b899f9aeee45a39f12bd7fdf6514113083400da6c09e85033a0112d85610040d712ffe582877570ea7ad03823d957016106403be60ef1efd1e1964083e07fa1f13000e0fcc9ff4f565fee3f3bf9a3ad2f00fab0343370428732c2d4d2f8f7d07a1800f0dd437ee3752ce0a179953fbcf903a03fa3a29d218daf0aee12fc2b741f06009c49feff265815216ffda7bd76a914f5fd01300ecff6f7144a6796e8b5ac13f04fd07f1880484ffe236cda4e3c5db04bb6ea248f3df7c104771e152881e802602c66a5fa7752e74d0d7561ade047c80330009198f87f21f8dce489bd43bc351c11c9bdca234b9b621c52617fb79c9be977846959f19e3eae1cea52f6499a7f2f04160013d40bc80c34f8ec52a9861ab242700572020c402425ffbf08f69929d98b447f38e8908a87071ca127123d0594d4570e0db6413401b016cbb28227a38599d7505f3e115c86dc00031009c93f5670cce0c9be216097d60f156ff28ff573e7cf1de2af8630021039accc0ab6f673cb791aeacedbc80f3000564ffe54c3ff944193fe8114af3dfbb581de0d28c70b00a0d6c2a9421334d4a12791276000ac9afc271930e91f1ae4b1e7bc9ce45d8fe57c00c0b9b83ee80869a84be9c8173000564afc9709a61928e91fa1d3f854808796f9207000808b715bac937a0874685432f8cfc81d30005648fe571ae5a43f9dd49f14efcec5153c00404f7820c19da75179f21d829f2287c0009839f95f2528d03bf13b25dbf687fbba57635f1f00d05ba6247ae8ee7eb306dab558702972090c801993ff6f04157a267eb72c953d95e859430779205c00002e485784c6b469a0638f219fc000982df9ff54b059c732bb1ba70ef01441a800006a715fbc3b57833301f4f70f425e8101304bf2bf4210d2698f7ff78b49de62881300400bc6c57c7530506d6da39a297f447e8101304337bf593a24fff6749f3d4cad3d214a00002db936a0c915c172c18f916760008c6c009ed63af93b245be55b837c9b20440000bd48d6a658d03c7ac942ae81013062f2bf45e3e4df4ace7b7956b019020400d0b962607b5f97bc5a03dd1b8f7c030360b4e49fa4d189d8af70c952f9fbc9bead101e0080515891153c15e5908a54d6bf9382ff44de8101304af2b70b4e6895fc47041d2154ef030018113a8744b79054d6c1d5a80f00036084e4ff1f82031a25ff662ae603910100189985198143b264dbabb21ede891c0403a067f2ffbe608b560d7bde18e4dd087101009881e9c9be7265b95e2d5d6c12fc01b90806402f033045a353fe3be70cf1ef86a80000ccc48367fa06a8a98f5466fd32e4231800ad93bf538b437f7ebb54b2282370046202003023693ebbda8582ee414e8201d032f9ff40b055ede4dfdf2da36b1f00c0d4d081659f5ddaa0e6d928c1d5c84d30005a1980e7d44efed7071d21880700c00a2c480fd4cb92ad4645cd2cc456000c8016c9df436577d54cfe54d217a20100b012ef0ef695a9dc42781272140c809ac9ff4ac13635937f824bce47eb5e00801551ba07aaa59f2d742d1bb90a06402d03f0a29ac93f6097d663cf1f0060650679ec392aeae867c85530006a247f9f9a7daf5db254b12433700c020100b0325f66061aed92ad5a45131044ce8201e05efadfa156c0ca926dcfe7e9815a8803002012786da077838a2f54eb5126180680d3004c52b3c2dfac54ff4e88020000f501d8b801b90b068023f95f256850ebd0ca5b837c9b2006008048635956f0a443b255a9a4adfb043f420e8301e8ad0178492d977a73941377fd010011cb9b83bc9b54bc56fd3872180c406f3bfd9d5223383db2b479e5d0601b44000010c90cf53bc22a360bfa2d72190c404f0dc0c76a05e6ac547f25263f0020d2599e156c764ab6ed2a69ed2ce43218809e247fbb5a4bffe3629ca8f40700000ad3cf54096c5549735dc8693000dd3500d96a042335c5583534d88e490f00009a6c051420a7c1007427f907540ac4c68f87f8ab31d90100e09b2cc90c1c976cb67a95b4b70f721b0c40570dc0523582f0ae385736263a00009c9b7bfab8d42a131c426e8301e84af297d40840bf5d2ac104070080f343dba34ed95681b30030007a1980cf5408bc8ef7927de598e0000070615e4af2ae57c9002c408e8301b850f2bf5a8dfad4896e390f131b0000ba46ac535eabc68b98e0cfc8753000e733007f5321e89a3f49f3efc5a4060080ae313bd55fa55211b699c8753000e74afeffaec63dd44cbf0377fe0100a09ba4abd32ca84df0ff21e7c1007cdb004c53a1d3df914519812398cc0000d03d483ba95baa0a26601a721e0cc0d9c9ffc782e3dc81363a1a15ff0000a0a7dc16eb54631580b4fec7c87d30009d06e01635826c4966e01826310000f48ca59981465a4955419f6f41ee8301e83400a5dc0196e1b7e3ed1f00007ac9b08023a482012845ee8301a0e4ef52e3a0094efe030040ef99971ea855e946800b0600066006776025b8e47c4c5c0000e0816aa9a8600066c0004476f2ffb9a0893bb0de19ecdb82490b00003cbc9fecdbaa820120edff390c40e41a80092ab4fb2dc5840500005ea89f8a0a2660020c40e41a8072ee807a3ad1b306931500007879a6bfa7500503500e0310b975ff5983c92ed9aaa89b15262b0000f022b4b5c321d976aa6002ae8601883c0330893b90ee88736563a20200803adcddc795a38201980403107906602d73d9df434b33032730490100401d9665054faa501e782d0c406425ff5f73b7fdbd36e0086182020080ba5c17642f0c44b9e0d7300091630046310750cbfcf4401d26270000a80b692d692eb3868f8201881c03b0843378fabae4d598980000a00da4b9cc0660090c40e474fe63758f4ff4f31460520200803690e672afe2466287c0483400439803e7240eff0100807690e692f6326bf9101800eb1b80999c4113e79451f80700003486b497d900cc8401b076f2bfdcc6dc5bfac104771e2623000068cb64a1bdcc068072c3e53000d6350031cc01736a7146e0282623000068cbe2cc40830ab701626000ac6b005ee10c962887b40e13110000f441687011b301780506c0ba06603767b0dcd3c7958349080000fa3091bf34f06e18006b26ffbf32074afb82f4403d26210000e8c3c2f4c041a1c56dccdafe571800eb1980473883c46797366002020080bef8ed5209b301780406c07a0660036790dc1eeb0a63f2010080be4c887365331b800d3000d64afe3fe76e21f9699abf06930f0000f4655e9a7f3f777337ca193000d63100b19cc1e196a52d98780000600c3cb2b489d900c4c20058c7004ce40c8e51d1ce10261d00001883d1d1ce30b301980803601d03f0316770bc36d08b0380000060105e1fe42d6536001fc30058c700543206461b9aff00008071589615a4c640ad8c3a5f0903608de4ff334e67e892a5ad98700000602c84369733af02fc0c06000700bfc160af1dd5ff0000c060247bedd938080803a0ea01c049f1ee5c4c3600003016f7096dc641401800550f007e98e2df81c9060000c66266aabf1207016100d43c00786cd5d0603b261b0000180ba1cd1d92cdd68083803000aa1c000cd8a5f598680000604c020ea918070161003a0d400c67305c1b70a0001000001814d2686603100303605e03700f67304c49f4acc52403000063421acd6c00ee810130af0198c3190cf3d3030730c90000c0989046331b803930003800785a966c7b31c10000c0d89056e32060841b00ee0380092e391f930b00008c0d69350e02c200b01e001c1be30c6372010080b121adc641401880db590f00f6c70140000030fc41c0feec07016f8701309f01788e3308fe96e2db8ec9050000c686b49ad9003c0703603e03309b3308becc0c346272010080b121ad663600b36100cc6700f2b80240b2d90e61620100803920cd663400793000e63300bbb802c02d4b6598540000600e48b3190dc02e18007325ff4b04a7b802201e57000100c034c4f35e05a45c72290c80790cc0af38f78086fa1db8020800002681349bf91cc0af6000cc630024cec1bf33ce958d49050000e680349bd900483000e631008338077fea004f11261500009803d26c6603301806c03c06e056cec19f95eaafc4a402000073409acd6c00c6c10098c7003ccd38f01dcbb2824d98540000600e48b349bb19f3c0141800f31880998c3500ea30a10000c074b500ea180dc04c1800f31800b603201e59da84c9040000e682b49bd10064c30098c700b0edfff473c9ab31990000c05c9076331a804a1800f3188066ae81bf36e0086132010080b920ed66340094532e8101307ef2ff67ced39fb7c7ba5004c860acc80ab63cd3df5398e49173bd76a9d429d9b6bb64692bfddf13fbb87296a2711300110f6937f34d805fc00018df00fc9573d01f4870e76132198747fbb9f32f76b847fcfb2323828e1019053c33002293fb13dcb9cc06e07f61008c6f0006700efa9444cf5a4c26fd5999156c4de8667d6faf5dda383f3d7000cf0f80c8e3e944cf1a6603900403607c03308a73d05f1be8dd80c9a473f21f1a6c4be861730f59b2edfd7888bf1acf1180c8e2d581de126603300a06c0f806e04ece419f91e2abc064d2973131ce5eede5c936dbfe59a9fe9d789600440eef27fbb6321b803b61008c6f0026730efaa769fe1a4c26fd5898113824d96c0d0c059dea3f48f16dc333052032983bc45fcd6c0026c300445619e0d34b3203c73099f423c36f0f3356753c343dd9578ee70a80f5f922237098d9004c810130be01788571c0db570d0d766032e9f7f62fc6a0917312d36ac25b837ca8ee0840049c1d623600afc00018df004c674c16473191f4e3ba206b218fb369c4e14e00ac0ff30bc4741800e31b80d95c032e4bb63d9844fa405b2f64c0543200c4891793bcc578d6005817a1e1fb1835630e0c80f10dc042ae01a7ea729844fa302ada195231f97f5dde932a0ae27903604da84a28a35e2c840130be0158c535e07ebb548249a43dcbb28227e9d4be06068038f5443f4f019e3b00d6838a81316ac52a1800e31b80b55c031ee794d7601259a286f7c568bb2fde9d8b670f80b5887648858c3ab11606c0f80680ad07f400b78ca4a03154bf9f79dfaecb0cf53bc2ab8606db310e005803e696c09b61008c6f0076720d78bacf8e4e801a736fbc2b478fe4df498c7863589219388eb100c0fc247bedd98cfab01306c0f806a08e6bc06f083a429844dadedbb54bb65d7a1a00820e0ea17f0000e6677880f52a711d0c80f10d00dbbdcf71314eac0068c8c37dddabf54efe67570d44ad0000709be8ecfa213000c63700ed5c033e21ce958d49a40d547151bc796f338a01e8bc2170771f570ec6070073d2db4662dfa20306c0d8c9ff4ace0470270c80663c64a0b7ff6f33c467cfa6ed098c1300e6621caf0120ae840130ae01b88a73b0f1f6a70d5f9ce9f877d0a806800838a4e245198123182f0022fa4af1553000c63500bfe51c6c3a918e49a43efddd729e91937f2776c956352bd5bf1363068039a06d5c661df82d0c80710dc09f38071bc561d487eaf19b21f99fdd20eaf9019e75183b008ccf5dfc06e04f3000c6350012e7603f98e0cec324528fa5998113e2adbada4c06a0b372e06db1b8210280d1b9a70f7b5d110906c0b806c0c139d874300d93483d32fcf6b00993ffd70cf4d8735664054f612c01302693e25db9ccf3de0103605c0360e71cec47fabaf33189d4e19dc1be2df4266d660340f8ec52e9c2f4c0418c2900c6e3fe0437b701b0c30018d700c89c83fd38bac4a953f12f2bd8ea946d15664ffe679d0ba87d29c9bb1e630b80b1a06d5ce6f92ec3004488017832d1836e802a7073146b75ae6f903924235792a4433a1881762a3b4ae606630c8065ab8bc20044ca21c029899eb59844bc7c94eaaf12cfb6498d24ec72b976b4ee3f79aa6afdf6dd4ea773a71eab011e59da3477887f0fc61a00fd79b49f3b1f870023c700d83807fbd9fe9e424c22de72bf3ebbb441ade49bbd70d586d3f5a74e1347771e3c12131d53a2d3964003090fc61c007d7922d153c03cbf6d3000c63500ffcb39d8b8efcd4b96dfa1daa9ffb4e421799dc9bf135a0da02d013d6f09d055478c3d00faf074a2670df3bcfe5f18800831002f25798b31890c5b90e3ef6fdc92d4505fb1efc0b70d40270fde733f9d39e8d0c30438245be58c145f05620000ed79a6bfa7100620720cc05f3907fb95246f092651ef993ac053a4e695bfa98f3f937dbee4dfc9ccb73ec857ebec4117681a1febcaa62d10c403009a6b0fe75cfe2b0c80710dc05f38071bfde07bcffbc9beadd4475bade4eaf578cbdbeb9adb2e660088354bf3364992a45bd321bf5d2af97888bf1a71018036bc30c0bb8e791eff0506c0b806e07f3807fb8d41de8d98443de7b334ff3ed966ab5531a976142ecfdfdc95e4dfc9ee0d95d52ea7ab52c7ba018d580d00401ba83e07f3fcfd1f18800831006f0ef26ec224ea194b3203c7d52ef6736dd6f09cee24ff4e1aaa0e1d8d8d895daf7705c13943fcbb102b00a8076de3c200448e01b8065b00c6a8f4177448eb54bd6a2749878e56d61fee8901e8bc2130343d2b47e72a8227c6c53ac3ab8606db11370098620be01a1800e31a803f730e36050f2651f7a1eb6f6a27cf379e9f96dbd3e47f368fdcf75058ef9e045ebbb4910a24217600e0858ab931cfd73fc30018d700fc376b25c0fea804d85d4645ab57e6b793f8b8f8a28e032d1d1c0680a00242b22cd7eabc1a70726c0c560300e0e431fe4a80ff0d03605c03f05f9c83fd18aab9758b9151ea277fbbddbef7c88e0387b8927f2787b6d71e2463a17763212a25fc618a7f07e20900433603fa2f1880083100143c984417674556b0a5bf5bced320413617af2a2ce34efe9dd0aac2c39326d39640abce46a035c36f0f2fc90c1c437c01d073eee9e3ca8101881c037035e7604f14c1834974611665048ea859dfff6c5e9ef2628e5ac9ffdbf502ec767b8d01da0cd73d204c28ae0c02d033e8ca2df3bcbc1a06c0b806e04f9c833d21ce958d49747ee60cf1ef7648b62a2d92617a6a5a9e16c9ffec6642fdfb26aed1db04741e127c2fd9578e9803a07b8c897172f71ff9130c80710dc01f39079b820793e8dc509124f1867a48937d71b7a7a279eff1935a1a804ea63cf21409488b018c407bb2d79efd4546e030e20f00ddce25fd1106c0b806e00f9c834dc18349f45d1eeeeb5e4dfbf19a2c834b52c3cee26dbbf448fe9dd0b90387c3516d84d500325d77f771e5e0b6000017e7da8083db00fc0106c0b806e0ff710ef67541070cc0b91db5569df53ae67df0c91a3d937f27c7771d3e3668c0c07c239800c2254be5a85409c085c9e46f41fe6f3000c63500bfe01c6cea5f8f497406ea6bdfdf2de76a99e46e1b3d2e6c84e47f362f3dfd42b68e5d05bf6390684ce6a707ea10a3007c9754af9dfb10e03fc30018d700fc8873b029783089cef4d49625db1e2d935b4c744c4957bbfc69cda6dc920aa7d3b9d328ab0154527878c0115a9c11388a780540d5aaa43f840130ae01b89473b029782279f27c9ae6af8973ca9a9f84f7fb7c5b8eed3adc60c4e4dfc989eaa38d69c943f20c6402e87cc011aac448ab35107f0082a713f9eb935c0a03606c13c0b63c4bc113a9cd7c6e3d737da651f32e795e6f1975eb3372f23f9b996f7d902f4b72bdc18c40ed9d71aeec1559c153480220928977c99ce7769aac962fad6800d8aea651f044da84a183652e59aad0e5bebbc75b4ef7efcd92fcbfae1950597f382b2d33d74826e0abb2c992ad7af2994242b83100229218a7ccd90ce8100c80f10d00db5e35054f2455f41b7466bfac439fe4efd9da9bf6be4660d5e7cbd63b1dce5d4633024ed95641e738901040a4117448c58c73690f0c80f10d00dbdb2b054fa434cc906c36dd96b1a9d08f1a0d7ef4800a16dd7ecb6d2103f413386745c1d7067a3720318048c167974a19e750050c80f10d4009db7eb45db2ac582ecb0a9ea45e074ec9b64dcfa4e476b9b71fde5e6789e4ffed9b023eafafcc68268088724845d3515a1844001e59dacc38774a60008c6f005633b666dd6cc593fdc3028e9056657c2f96fca90dafd5927f27748df1a9879ed0e530651757b8d6bd94e45d8f4401ac0a6d7f31ce99d53000c63700cb39f74ead32115e1fe42dede3920b8cb234ed72ba2aeb2bf61db06af23f9b3d1babf6c6c7c51719d1047c65c464a9ecd17eeefc9543836d481a406be890ea8729fe1df727b873e9d0eaac54ff4eae0e98cccdca96c30018df00cce71a70113c3bcd3cb19667059b695251d95823251c5a1a3fb0755f5d2424ffb3f9e0f5f7564b9274d0a846c02ed976d3f5c16559c1262426a0c54b89df2e959c6b854cb2d91a6885eaddc1beb2de7c862cd938db7acf870130be01f8886bc045f0ec35e3c49a97e6df3f22f8d5327fbdd1924c567a566ecbbec6e6484bfe9dd061c78cd4f45ca39a00457ceba9e703dd0c41a2026a94154ff3d9696bacbd0bf1d84a0d7d5664055b7af25922960f30ce8d8f60008c6f00de6514c20366985054f0854e77533958e56dbfc38089a5e5e5292fe6446ae2ff36cb3ffbb2d8281d062f4063ba106a3a3782c405385898113864efc1b23c6dc72ec90c1cef810168609c0fefc20018df00bcc268001a8c3a91e60ef1efb92bce95ad94ea3d6ee4446297e5fd6b97adde84c4ffdd2b83b78e1a4b6f426d063702ad5415f38314df362431a05765bee41ef466616e5bfe320c80f10dc014ced28f465a369b3ac053444b677436c1e009e36ba283511b22e5b05f4f29cd2e2ea72a88a6184f8754f86292b798eb9016881c1ee9ebeeed0dad8eeede5a618effa761008c6f001ee26cb7aad3927ecbdf527cdb1febe7cebf21e80829d5ac9acd92f43b1975c3cde1b6daa65624f9ae5d19a456c346eb2b70a132c3374739439fa7076a91dc40570e24735c3da683aaddf94ce6b89f0c03607c037037e7a05310a9f856df387db0af8c2af1d1fe7dac535ea35c5b69335bb2ff767b5a3af18ec4de7d8eef3a7c4ca924d86492b16ea56d285a9d42cf01703ee8343f57cc75f54ccae2cc400373acdf0503607c03309673d029883826c0cc547f2555dea3435554898d6e1818f4b05eef6a27389c559bf336542099f7be7640caa0e4d5668a11ba7275639423f4599a7f1f921e389bbb85f671c5d913fd3c055df9ccf9e98103cc313e0606c0f8066004e7a02f480fd4f734e8e9ed3ecd67cfa6652bab25fa739d97b877c23da1e69ac62624703e8a56146c0e06821b4d160b6d310ea9704aa2672d8a0b01426934c6125fc3028e7057ab9e32c7f5081800e31b8034ce41efe915a83131ceb00596f2bb44dff8be85bb4a76542361abc79c77671598e0dae07757056cb6fdd7051da14fd2fc7b91082317a5e00f4b4cd19653573ef3a3547f15733ca7c10018df00f4e71c740aa2ee04fa97998146e56a9ee513bfc3eed8f3f9879fae4582d68653fb4fb43cf1e0636149928e9a305edaa31cd2ba27123d0554b7024931e20cc006ae588aed629bf61929be0ae618ee0f03607c0310cd39e81444dd0974baab1a01c9bff9ce717784e81e3b12b3f61cadac3f3c61ecf890519b0c75a1bec6e1248f3df7f9019e75300330006a1980b707fb3633c76e340c80f10d809373d0df19ecdbd2d520a73fdbc5f296a6859adaec2cdeb60b89587fa88df2b851b786cd6a0460066000d43400d3067a4b99e3d50903607c03700de7a053107535c8a9ab9a5513bfdd6eaf99fbdeec02245ee37170dbfefa3137dd4246e0a499630c66000680d30050c12ae618bd0606c0f806e0779c834e41d49560fb7888bfda8a899fdaf6bef6eccb3938dd6f7ca8c322155f32510d0198011800d50cc094fe9eb5cc71f93b1800e31b807fe11c740aa2ae04dbe3fd3c05564afc54c277fecccfd6761c68e940723517b5657b6b6fbcee866c33568f84198001e032005449953916ff0506c0f806e0a79c83fe78178b4e50cb4a0b886d5bf2c0c1f9eb56aed982446a7ef66da9de77fdb01164045aac624c3bcdc073fd3d85d41f03c91506e07c508555e6f8fb290c80f10dc0159c834e41d49560ebe394cdbc02d078f3f53785ab4b77ee41e2b41e75e535b577dc3a212449d221abdd46a1fbe5a3a29d213a808b52c43000673391b1faa0c2153000e630016c05782888ba126c1494a62bd222cbb50fddfb60a8a1ead05124cac8683f4c0d879c4ee74e2b9e57a1d5813e2eb980caced2991c24dec8360013e25c9c57b25bad982bad6a008e710d3c05d1b9828bdaa152c73efaf7cadbff715388a4780bcc4acbcc5df8d1e7855458068931f2a0731d0b66cd2b8c898e29b1eaad95ce8e85548296b6f1bec8081c4622b6860120ad25cd25ed250d3e5f6beab167aab1727d66030c80790c402dd7c053107506d4b2ac60131d2c8977c9f9e26de3a089def4eb682f78e5bca5ebd19e179ccdc69cf55bd35286d05ee9298b17af6a77cbd216eabaf94a92b744cd2e9f407503f0ed959f83a4c9a4cda4d19d9f79539493f35cd67e1800f31800b625ce9122885e4af2ae4ff2c8b99c2b0b1adcdbdf3bfac651e1fc25391bdb0f34b723d9818bdd1c183fe6763a27703812ca5853cb6a2a4d4c069f9a76e17681790dc0b7cc40031d122593c77c30bb1206c03c0680b304a4691afa389dce2a12f1e2558565486aa02734ed3d76e28527a766535be70831025f1f28f4c8d2e654af3dfbfe0477ee8729fe1d3854683e03a0a2766f8201308f01288c00c13a19150896de32727478d6db1fe653ff782430c005ad1a51a3a7e8a8e80d116604be713bc627125796df117eb49f3b1f070b4d670038590b03601e0310b2dcfea5cbbd9d0eefbd3ce5c51cdab7c55e3ed08a0de175e54306a746c23981ae2c311fa2ad036a713c25d1b3f6f3f4402d127c441880100c80790cc022b3bf790ce8d77f0d5dd10bcd5f5ed2b8fbc8712422a037f515fb0e3c39f9f1b0dbedde16e946e01b876c6db6fdb14e790d1d3a7b618077ddc28cc021247dcb1980453000e6310073cd1c6c3151d11b9070809129cd2e2ea7e25192241d840938e74ac151ba75d0d725afbe3ee8085141b1b706f93645aa39b08001980b03601e033003060000f569dd7ff2149d15484a1c5060a592c36a9f54a7cea1640e460873f08030076f0cf26e5c981e380803605866c00098c700bc0e030080b61cd971e0d0f34f3c97edf7f9b620d1f79863640e125c723e5d63a31b09640e16a407ea610074e5751800f31880a9300000e8c7d6359b778c1b756b98ca4d23a9b3714ab2d96a9db2ad226097d69349a06b8b3746394277c6b9b2a9e2e16b03bd1be80a23ad26ac1c1a6c830160632a0c80790cc06330000018e33ae1977317ad4b1994bc9aaeae22896b7b7b886e2d38245ba5cf2e9552f9dcc15e7b0edd60b83dd6157eb8af7bf54b49dee219c9be8a3943fcbbe60ef1ef9997e6df4fab0d8b320247becc0c3452c5448e7a081630008fc10098c7004c820100c0581cdf75f8d8b4e75ecda1fa1548cee63313542c896e2809537144504fb71f64c9b6d72ed97691c9a09509dabef0c8d226321cb44a415726631c5221191193fffe493000e63100b7c30000605cf66eda5543e705fac4f65987c383c004dc0e03601e0370130c0000e680ea5ccc7e67667e5af290bc08ea4500ccc54d3000e631004361000030e19981bae6b6ec85ab3650896ba7c3b90b89071884a13000e63100d7c10000607e2ad66ea97ce4be87c2c14070a3b20f8d6404f4e07a18007324ff9f09aa610000b01687b6d71e7cfbc5377207240e584387d190948086d408fe0906c0f806e033b3071b0c000017a6b9a6b1e98bd9f30baf1b7a6d8e5d96f72341010d58000360ece43fc60a8106030040f7a82caea87a7dea6b3919a9e9b90ebba31ac90aa8c43818006326ff6b044d9a770293e5da49774c0c4507a336c00000600cf66fd9b3ff6f6fbcbffafa6123b2a995b698571d485ed680b4963457a72a93540be17f60008c95fcff4150a6f15b7ac99c776715b4d536b592e0f4efd77f2d0c0000c6ed5330ef834fd68cb9e996b0d2aba015c9d49c90d6d29892f6920693166bfc1dca053f8401308e017847abc1f7b83d156b96e66dfab6c0c00000601e4eee69685cf6e992e2bb6ebb33142de69b1eab87a07706e06c4893499b35fc1eefc2001823f9a769d2c253928e3ffdf09361baa77c2e41810100c0bc9cda7fa2257f49cec687ee7d30d437be6f210e169acb0074d690208d26add6e8bba4c300e89bfcaf10ec517ba013fb26aead2ddb5b7b2101810100c07adb06a1f9cb4ba63cf254382b3d2bd7e7f595a1a191710d4027a4d5a4d91a7c17ca3ddf8701d0cf008c567b90c78fb93dd471a0a5e362620103004064542adc56585639ebed0ff3efb875422831a1df5abbddbe1789d938068020cd26edd6e0fbdc0203a04ff2ff9e60b78a03db424547ba2a0c300000442ec7761d6ec85d142ea50647d7660dcf09f8039b50ac483f03d00969b8cacda628075d0103a0bd0118a9e27eff51aa47de1d01800100007cfb2d7467f1b65d73df9b5d40670b460cbd2e3b3e2ebec8e574558a797e02c95c7d0340909693a6abf89d6e8601d036f95f2ed8a9d69b7f77933f0c0000a027a58d8b5715967d3cfda38227273f1e1e39e2c66cdabba6d3ec22613520d9f3180022e78bd006e50ebf1adfa98a56a46100b4330023d40aaef75e7b37af279319060000c0bdadb0396f43c5fc999fad7deeb129d954c360e0808105741851188483915adca8270680a0c2502a3eb31b6100b449fe9709b6ab3188545daaa79315060000a0f58144baa94065908b56146c5ef2f1174594e4e81cc2fd774d0a8dbe7154387348462ead2a440582a5541151a99ed714890680a0ad1895be176deb5c0e03a0be0118a6c600260f1c9cdf9bc90803d0758eeeac3ffce5dc2fd6bdf3f29bb98f4c7a283cfac69bc329839257c744c794b85cae4a5a028d8b8d2b4e4b1e9237f6e631e1271e7c2cfcdeabefe4d195aca6bdc74e40fc81211b14ed3d7e32bc6065c9fbd3a6e751cc8e1b35364c314cb14c314db14d312eb46635c53c25a3b75e7c2377f19c854594c8b5feae745dae2c7fe3765a1ea72a896fbef07a2e5d797cfc8147c30f4f9a1c7ee0eefb42f74eb82744c592e844fdade2f7dc327274f8a61123c3370c1f914d8d9886a6677dd57f817e67f2c0e4d5b44241dd1ae97644dff884c23eb17dd6c546c7ace7dc83ef8d0120d253d3f2543201236000d43700ab5438f477e8f0f6ba433000ea41424382476f22e237b6f5e2f93425f4892f9afaf8b3d9d5a5957b9078809ed46cde5df3e253cf6753f1a05ed608680ff8031b27dff3408896fdadf69c62ce545b34840138baf3e0115992eb5530006118007593ff8f04a7b8078ede447b1be03000df85ded8a9198bdd6eaf516b3950bc556dbf6df4ad612b8a2630265b0b36efa03762354bcfd29ca1b94373080680d7001033a64d5763158072d34f6000d4330003b9078d96a738021c06e0ef142ccddbc4d91db18b74d0d22a5dbb4292026a505d5a594d4bddf4b6ae75f7bb8273f41f8101e81d713171c52a8cd7601800f50cc0ebcc83d5ca953060004e9ddeb2ba745b62df7e6b753e24d44a85586acbf6d42269010e0e6cdd5777e3b53764abb1fad8bd92e4fdd6d21c8301e03100a4fd2a74857c1306403d035065a4837f300067bd19a568ff6674114ed2212c3a708824067a4243d5a1a34a39592315ed69a7b946730e06a0f7500ee0ae0c0803a04ef2ff23f7642af83277230c40eff8f8bdd905922419b6e4a92ccbfbd6870acb90d04077d898bb7eabc3ee306c8d7f9a7334f760007ab95d2972800ae373350c00bf0118cf39485e8fb79c33c023cd005099d389e3ef0e99a418c949ba1f8dc406bac2ec7766e69ba454ef5773b02bcdca6000ce0fe502e671b9030680df002c35dac9ff48350027f7343426f54f2a305b0191db6fb92dd45ed7dc8e2407ce676aefb8757cc86c714d7391e6240c40cfa05cc03c26cb61007893ff0f98ab57b550210c18801eedf7ef51f3fa93daf44be857d8587df438121e381b8a092a5e63d6b8a63969e4ba18463600940b983b0652cf812b61000cbaff1f158c2ae50ef048300074ff998a2699bd96b8dbe5de4107bc90f840e7613f8a09b3c735cd4d9aa33000dd877202f378fc090680cf00043907874a5bc20074bfeeb8cfebdb62958622596999b9487e80a058b04a5c53a3a0b6daa6561880ee413981792c8230007c062083737056ce5bba1e06a07b50cd7eab7515a37e044880910dc580d5e29a1a01c100740fca09cce390010360cc1b00ecfbff563700bb4a76549bbd83d839cbadcaf69a969ac62624c2c884c69e62c0822d735bb6159655c200e87a0e603c0c009f01788aad76bcd3a5cac4e8df37718d550dc0cb4fbf906dd5dee26b97adde84641899d0d85b35ae9f7ee8c9300c40f7a0dcc038064fc300f01980f78c7c00d0ea2b00c33286e6585528a9ab2092616442636fd5b8a66a813000ba1e047c1f0680cf002ce11a18ea550d03a07ba10c1c060438fca7f24d171880ee41b981710cbe8401e03300255c03333c73580e0c40f79065f9a05585322e36ae18c93032a1b1b76a5c0b8ec300740fca0d8ccfbf040680cf00ece71a980963c7876000ba476c74ec7aab0ae52d234787910c23131a7babc675c01fd80803d03d2837308ec17e18003e03709c6b6026dd311106a09b8cbd798caa422949d201ea793e386950fe4d2346866f187e7d3695372511e31cfb73f1feb4e979488691098dbdda0d7b28862996af1f36229b629b629c629d625ecdcfa6f6c53000dd837203eb0a0c0c009b01d8c735302347dc980d03d03da8910efb153cbbbd9a1a9914af5abbe542cd4c4eed3bd1b262ded262124f219a47b9bf47c5da2d95488691098dbd0a49ff28c5eab24f971453ec5ea8ef00c53ecd0187dd51cdfd3dde7c615a2e0c40f7a0dcc03806fb6000f80c005bedf99441c9ab6100bac789eaa38d0e87630fd7db3e9dbe6edd7ff25477bfc7d1cafa23d4d087ab531bf6ff01e3398013149b14a3ddfd0e34175e7ceaf96c59966bb95a601fdb75b80106a07b506e6034001530007c0680ad5a571f9544dfea9500573054caa2e54f3213bdfd2efbb754efeb6d59625a9eddb3b16a2f926064433140b1d0cbf2bb5b28267bfb5d9af61e3b312439b5d7db1246ac70690603d087f750e83a18003e03b08a6b60e84a1b0c40cfb8366b784f4fc9763c70f7fdac672fa88a5b6f1c3bbd712101028262a1372b8adcd5241fbaf7415ae56aefc9f7a19a1d68066488ebceab6000f80cc03cae819125b91e06a0e75b01e9296979dd5d8e5cfac962d5de48683ba19b6f70a7eeb9fdaed085ce1d80c8826281628262a33b2b486a1691a239d3dd32c569c943f23856d822d500506e603400f36000f80cc0b39c0764b61795ef8401e8398b662f28b4dbed17bd9a498556b4d88bac2eadaceeca55458fdbb37563eefaad487ae05c506c508c5c2c8e28d628e6d4fe3ec7771f39d69555373a3bf0f9879fae35f2b335ba01a09cc07c10f33918003e037003e7e0bcf4f40bd93000bd83123bbd01519217a24987345ba96050429ff8a23b6e1d1fcaf962d506addfe2e6be37bb60f48d3787a3cf880d5d1f3c19f00736d1b5c2775f793bcf886d5281b1a018a158a198a1d8a118a258a298a2d8a218d37af5287f49ce469a5334b7c41ca3b7d4569a73994332729f7bec99ec9e1c3c8401f8262ff1f73bb9010680cf00b83807870ea3c100f00ba7d19675dbeb9adb90d4406fa01832da7691198d6cb4c10d00e5046603e08201e033003fe51c1cdaebe19ed4916e000000c08c2b00940b98f7ff899fc20018b41c3051b4a260330c00000044b601a05cc09cfcf79b25af9ac9007c62e4769930000000603e0340b980d9007c0a03c06f0046310f52cbc16dfbeb6100000020320d00e500ca05ccb9e51618007e03f0efdcf5b2efbbf3de100c00000044a601a01ca04233a6ff840150c7046c673d0c28cbb53da9490f03000000e63600a4fd5cfd17ce62b79972aad90cc0346eb73679e2032118000000882c03a0945ce67efb7f1706403d0310a5c2803555165754c100000040641880aaf5db772b459eb8f349020c807a06e0120177c9460ace92ded6058001000000731800e6ce7f9d540b2e850150d7044c5661e04ebf3ef5b51c18000000b0b60198feea3b796ae410c1a366cba7663400bfed69abcc8b74f73abe396f43050c00000058d3006c5db37987d0faa32a24ff0ec1ff8301d0c6042c53c3c1d965fbbedab2bdb53d09aca4c401055cdf232a102c85680000ac02691a973e92d6f6e43b1cd8baafce6eb7ef55e9ed7fb91973a9590d408c4a8378daebf16ced494fed9441c9abb9be0375fa82680000ac82d23194451f496bbbfbf927f734347a3dde72b5f206e52418006d4d408e5a83496d37bb5b1f80dae2727dbec3e1a886680000ac02691a973e92d676f7be7fdff8844215937f8e59f3a8990d40948a03fa55fbca233b0e1cea6a905d3f6c4436e3798483100d008055204de3d247d2daae7e2e6938672be2f3100503a08f0908ab39b0e45a2bd66ea9ec4aa08dbe7114e7776986680000ac02691a973e92d676e53349bb39571ece43d8cc39d4ec06c0ad9cbe546d8085733db6e4e32f8a2e166ce3c7dcce5a558aab44310000e8096919a73692d65eec3349b349bb554efe947bdc3000fa9a8037541ee4af063a2b3d2bf7d0f6daf32ecd4fba6322ab01385a597f18e20100303ba4659cda485a7bbecf228d26ad56fbc550e10db3e74f2b18807f14d46830d8b41a7074eae3cf64b7d735b77d3bf01eb9ef21d6ed883d1babf6423c00006687b48c531b496bbffd19a4c9a4cd2addf13f179473fe1106c0182660b04683fef535bd39efce2a387b99fe99479f66350065f91bb7433c00006687b48c531b496bcfde5e202de6bc66d845065b21775ac2002826e0138d0380da09d7dd71eb841039dc579f7989f55a62c197b91b211e0000b3435ac6a98da4b5a4b9a4bda4c15aeb3ee51aabe44d2b1900da0ad8a6433010eddca74dbf9cbb681dc40300607648cbb86f67a9510ebe8b6cb3c2d2bfe50c806202ae161cd7293058a1652d880700c0ec909659419395dc72b59572a6a50c80620252ac106c6fbef07a2ec40300607648cb2c620052ac962f2d67001413f0b8d983edec832e00006056b80f48ebc4e356cc959634008a099866e680bbffae4921880700c0ec9096993cf9bf61d53c696503708960ba59836edca85bb1020000303da465264efe332897c00098d3045c2a9869c6c04b4b1e9207f10000981dd2329326ffb982cbac9c232d6d00141370b96097d982cfeff36d81780000cc0e699909933f5d35fc9ed5f3a3e50d806202d69b2d00a99105c4030060763468caa306eb232137468a01c837e312545d794d2d040400605648c34cbafc9f0f03601d03b0ca8c41185eb0a204220200302ba4612635002b6100ac6300169b31085f9ef2620e440400605648c34c6a0016c10058c7007c66c6201c7de3285c0504009816d230931a804f6000ac630066993108fbc6271442440000668534cca406e0431800eb1800531604a2ae571011008059e1ee92aa21efc000a02cb0deb4b5ec6b6c86900000cc066917699849b5f7151800eb1880e7cd5a8ab2bc60d376880900c06c907699b804f0b33000d631004f983510e7be37bb00620200301ba45d2636008fc20058c7003c68d6409c3cf18110c40400603648bb4c6c00ee8301b08e01b89b33383e4df3d73cd7df533822e808051c52b1f8df542b7599919a9e0b310100980dd22e1513f431d25ed260d262d264e6bf7f020c80750cc038cee058941138121a1a3cddc9aaa1c1f60f537cdbef8d77e50cf4d8a9f0453b5f5320ff66880900c07c4d80fc9b1975b79db4953496b49634f76c0d264d663600b7c00058c700dcc4191cf3d30307ce0ebe6fe3906c3b189b021d6faf6b6e83a00000cc0269166917db9568a1a917d2dc05e9817a6603703d0c80750cc070cee0f82ccdbfef42c198e4915997be8a561460150000601ad6ad5cc3da0278805bcebd90e69226331b800c1800eb1880219cc1f1f1107ff58582f1ee3e2ed6fad70fddfb200e0202004cc3c39326b39600be33ce957d21cd254d663600836000ac6300067006c7ac547fe58582f1fd64df56cecfeb131b570c51010098853eb17dd6716ae0f4c1beb20b692e6932b301888701b08e0188e30c8e1929be8a0b05e3caac60abf87327183ff3e4a9fd275a202c0000a3d3baffe429a1598d8cfad7b4222b78ea429a4b9acc6c00023000d631003ecee078f7226e94f0daa552cecfcc5eb86a03c405006074f21667b36a9f4796365d4c6f4993990d800306c03a0640e60c8e370679375e2c2033fd0ed63db0bb6fbf0be70000008667d21d13590b00a5f9ece18be92d6932b301b80606c03a06e0cf9cc1f1ea406fc9c502f2b17eee7ccecf8c0a044b212e0000a31313155dc27a08baaf7bf5c5f4963499d900fc1e06c03a06e0779cc1f1c200efba8b05a40a95a94e9ddcd3d0088101001895e69ac626a155cd9cda3767887fd7c5f4963499596f7f0303601d03f0af9cc1f14c7f4fe1c50292906cb63acecffd72eea275101900805159f5f9b2f59c9a2734f47057b4963499d900fc330c80750cc0559cc1f144a2a7a02b4119eb94d7727eeeada3c68621320000a372c7ad1358f7ffa31cd2baae682d6932b301f8110c80750cc04f3883e3912eec491163629cac07017d5e6f19440600605402fec0264ecd1b19e50c75456b4993990dc0f76100ac63007ec4191c0f24b8f3ba12941fa4f8b6310765fbd19d078f4068000046e344f551bafbdfaaf5956b823499596b2f8701b08e01b892333826f671e57425280959b2b1d6a8fe74c6c76b20360000a3b178ce8222e6fdfffa5543831d5dd159ea12c86c002e8501b08e01b8823338eeb8485deab351da03f32d898db8311b620300301a636f1ec3bae5d9df2de7755567a95700e76747425e8c240370396770dc16eb0c773530b90fa738ec8e3d1d075a3a2038000023e1743a77329fb5caefaace9226736eb5c20058cb005cc2199874b8afab81b92433708c7b5f2ce78b10ca0203000c43e1f2fccdcc4bf06d8b320247baaab3cc07ae5b6100ac67023ab802e4a62e9e4cedc4679736704e8ea1e95939101d008051b861f808d62578af5ddad81d8d254d66fcfc161800eb198036ae00b93ee8e896011815cd1a9ca725496aa08a5b101e0080de50a752a149873935aebb2f59a4c99cdd576100ac67005ab8026458a07b066046327babcad333dffa201fe20300d09b4fde9fb3865bdfa627fbcabba3b1a4c98c9fdf0803603d03d0c41520197e7bb83bc1a99405aee59c207de3fb16427c00007ad3bf6fe21ae6eb7f755dbdfed7096932e377380603603d03d0c81520a95e7b76770d409247ce6576c9ad07b7edaf87000100f4e2c88e0387a85119a7b60d70cbb9ddd557d264c6ef700406c07a06a0812b40927b600054a8557dfae9879f446f0000806e4c7dfc996c6e5d7ba25fd77aad9c4d32af01380403603d0370444f03b02c2bd824319a90af4eca7abce5102100805ef87dbe2dcccbff0da4953a1b807a1800eb1980837a1a0035aa0212e5059bb6438800005ab3adb0ac925bcf48237ba2adcc06a01606c07a06a04e6f03f0da40ef06ee0973dbe871d806000068cef831b787b8f5ecd581de120318807d3000d63300fbf5360074b255966c359c13c62ecbfbdb0f34b7439000005a419a63b7db59b58cb4b1bba7ff5532007b6100ac6700f6ea6d0088e1bcf755bf62f9675f16439400005ab172ded2f5dc3a362ce008f75457990dc06e1800eb1980dd5c0192d20b03f0618a7f07f7c4494f4dcb83280100b48234875bc7fe96e2dbde535d4de13500553000d6330055463000844b96ca99274f23ddc78530010034bafbdfc8a96142132b7aa3a9cc06a01206c07a066087510cc038dece555f71d76d7786204e0000b521ade1d6afb1dde8b0aa8101d80603603d0350a16725c0b3999f1ea8e36c4ea434083a7a7cd7e163102800805a90c690d6301b80f679e981dade682a7325c0ad3000d63300e54631004494435ac7eda2274f7c00ab000000d5208de1d6ad80432aeead9e321b80321800eb1980cd4632008ff475afe69e48c2991f6cda7bec04840a00c00d690b690cfb8b4b823bcf600660130c80f50c40a9910cc08aace02999b13601fa030000d484b485fda5c566ab135ad8623003500a030003a0aa012046453bd997d36459ae6dd9d7d80cc1020070419a42dac2ad5723a39c210e2d85018001d0ec0cc0101f8f01f8222340d7694e724faa97a7bc9803d1020070419ac2ad5382a685e981831c5a4a9accf8bdca6100700d507503400c52a14190c3eea86eab6d6a857001007a0b6909690ab74e2579ecb95c3aca6c0076c00058cf00541bd100a851199078f795b7501d1000d06b484bd4d0a80f527cdb0c6a00aa6100d00ce8bca4f9ec61aec025822a5c0974395d9568120400e86dd31fd212f6ab7f76693da7869226337ebffd3000d63300878c6a00a60ef014a9e1b067bf33331f220600e829a4216a68d333fd3d85063600876000ac67008e19d500500b4c87646377d91eb7a702220600e829a421dcba64976c553d6dfbab9101380603603d03d06c540340dc19e7ca56c3697ffee1a76b21640080ee42daa186264d105ac7ad9fcc06a01906c07a06a0ddc806606966e08464b31de19e6c4e87b30a7501b461ff96eafd2f3ef57cf6b08ca1395e8fb75c92a446faffe9ffa6ff9dfe3d9e139ea159eefd9376a850f8a7e1cbcc40a3c10d403b0c80b592ff659c41ac860120a828861a8efbfebb26a14780cabcf9c2b45c91ac1a2eb6b438edb95751a3e13cd0b3e9c2561d9ea1069066a8a145d7071d2135b493d9001097c10058c7005cc9191c597e872a06604966e0b8c47858f12c4eeede50590d61e3a7aebca636a14f7cb70e71c6c5c416efddb4ab06cfef0cf42ce89974f719eedf52bd0fcf8f1fd20a350a94096d3bbc3833d0a086769226337fdf2b6100ac63007e6206174b505f6c359c77bf84be851037e62b5275cded017f60630f1b371d0acd5f5e12e9cf909e013d8b9e3c43bfcf5726c6a00db1c80b69851a1a44a5cfd5d24dd264e6effb131800eb1880ab38836374b433ac56202fcb0a9e946db65a1c08343e8fddff486fcd5aebd4c79fcd8ed4e747bf9d9e416f9ee123931e42f32b131cfc136fff07e89c935aba499accfc9daf8201b08e01f8356770dc1eeb52cd001077a87423c06eb7ef45bb601eb61596d1b5cd268e71a1036ea7f69d6889946747bf957e33530bec661a0bc4244fbb5fd20835b4476dcda4bf9ff93bff1a06c03a06e0df3883e39e3eae1c358399da63ca926d8f2a5770c68ec78140066ebcf6065693160c0437d657ecafb7fa73a3df48bf95f3d9dd30fcfa6cc464ef216d5043738496d52ccf0a36aba999a4c9ccdffbdf6000ac63007ec7191c0f26b8f3d40c666252bc3b578dc92868d95e54be1382d73b7abaf77fc1151ad95eb321bcaedcaacf8c7e1bfd46eee7e6f7f93723267b07690269831a9aa3f60b13419accfcbd7f0703601d03703567703cd1cf53a07640af1c1a6c7348b69d6a4cc8b898b862885ecfe938d0d241f7d35532682767bef9c16aab3d33fa4d6a9c2cef7c66380cd83b481354d976946cbb5666055bd5d64bd264e6ef7e350c80750cc05f3883836af7ab1dd0c4237dddf92a09e6e9996f7d803e013da4bab4b25aad71e984ae165a6135807e4377af49f6848ab55b700ea0a7e64c68815ae3325983d55295faa9fc0506c03a0640e60c8e57077a4bb4086aaa97ed946d15aaeccbc9726de3ee23c72180dde744f5517afbef503ba9d1670c4e1a946fc62d1bfacef4dd357a4ea78f56d61f416c761fd200d20235c6c429d9b60b0d6bd7422b499399bfbf0c03601d03e0e10c8eb707fb366b11d4c48b49de62b54473f48da37085aa87389dfc65522f40dbd0f4ac9c9acdbb0d5f3c88be237d57face5a3d1fbbdd8e22573d843440ad71798eb9e3df85204d66fefe1e1800eb1880206770cc48f1556815d844bc4b566b89ae757da8a80c42d87d060d1898afa101f8facadbe81b6e0e1fda567bd068cf83be137d37fa8e5a3f97a4c4a402c464f7a1b9dfdb3a0ce73d67e494d768a991a4c9ccbf210803601d03d087333866a7faabb40cee7969fefde273553974e67038761fdb75b80182d8fddaff5a27bab3387e6dd6f01c2adaa2675d07fa6cfa0ef45de83be9f53c682c1093dd83e63ccd7d95c6e4c4a769fe1a2d35923499f937f48101b08e0148e40c8ecfd2fcfbb40c6e354b041303070cc41b540f6e02c446c7aed7d10474d24487eca8aa5e7569e51e0d0e40eea1cf520ef635e9fdfba383511b682c1093dd83e6bc5a63a266c9dff3419accfc3b126100ac6300523983e38b8cc061ad039caed2d0a11ab5266d2497a4ed4d3254f13a608f70bbdc3bc68d1a1bcef962d5068e8371f477d0df457f27fddd46faadf4a659b57efb6ec4628f4a30ab32260ec956b9222b784a6b7d244d66fe2da93000d6310037730607d5ebd73ac0896903bda52a8a6933ce03749fb75e7c2357ab93ee3d3d37e0b03bf606fc814d498903d65c3f6c44f67d77de1ba296ba0b66ce2b24e89fe97fa37f477f86fe2cfd377aece77787579e79096d817bb6efafdab8be9ce45daf8736922633ff969b6100ac6300eee50c0eba9ea7479013fddd729e6aee1de7017ac47bafbe93a7d6612a70ee5b11d8f737dcbeffe9be2e79b55eba489accfc7bee8501b08e0198c2b9e7aa5790130bd203f592cd7614e7018cc5e2390b8b8cb61d60514ed2aa0562ce58fbfe82639fa7076af5d446e63329536000ac6300de666c6b7944cf2057b35b20ce03f48ec2e5f99b7bdadb1e74693be370c1d2bc4d883563edfb13b7c53ac37aeb226933e36f7a1b06c03a06e053b60a7a36db7ebd039daa6bb965a90ce7018cd926d86ee76f7813e9d03345b95f63eefbbb64a9827a97e8ad8ba4cd8cbfeb531800eb1800b63697d4dc42ef4027fe96e2dbaee6a4c679809e53575e531b13155d82c4cd033d4b7aa6882de3edfb5307c1f7927de546d044d266c6df158201b08e01603b3def946cdb8c10ecc438156b03e03c40ef68af6b6ebfffae49212d4be25af1b0dfbd774c0cd1b3444c1972dffff4e868fd97fe3b216d66fc6da53000d631007bb802c36797361825e0e9e46bc02eadc77900e392bf246723b6047ad4ac6a5feea2702962c8b8fbfea4855a35fbe90af47d187fdf1e1800eb1800b6d3d97d9c72815102beb34c30f3e197ef9c07c85b9c0d21ee65319da4fe490548ec5d2331a1dfda233b0e1c42ecf41c9ab36a6e110acd69d0badcefc5206d66fc8d8d3000d648fe577006fe60af3dc748414f3cdacf9daff2e9eba365f91bb743587bc7fbd3a6e7a9d57ad522a7fc0f506125c44aefa0b94a7356cdb19a9ce0ce339a0e923633ffce2b6000cc6f007ec51914d7051d21a3053e91a86281206549b676cfc6aabd10d85ef65faf3e7a7ccc4db7d0d98d5348fa7fef4a499d048fef3e720c31d23bf66eda556397e5fd6a8e979e057f2e046933f36ffd150c80f90dc0d556bbef7a2e9664068ec912df5987731e80743a771ede5e87a55906e84a5b5c4c6c71a427ffb898b8f55b0b36ef404cf41eda3671395d95aabe0848b67d8b3302478da881a4cdccbff76a1800f31b002f67503cd4d76d48f77b56af80763505c0eff36d39b9a7a11182cbc3c7efcd2e70b95cdb232df1d36fa6df8e18e06bcdecf7f937ab3c6e1d7ad5faef0aa4cdccbfd70b03607e0390c419142f0cf0ae33ea04208607d897c1be7b1032b6cfbad6fd274f4178f95a0b5379dbe86054a9d5133ffd46faad68e1cb475b6d53abd29e59d5b1cbf43bc246d63ed266e6df9c0403607e03701d67504c3748d18bf341ad383db2b4496d31481d9cb21a22ce0f95baeddf37718d913b0cf6e4cd917e13caf8aa631ed353d3f2d41e43b72c6d599e156c36b2f6913633ffeeeb6000cc6f0026700685d1aebe9c0b6aca21db6caa9f36bff9fa9bc2106175d85e54bef3f65b6e0b391c8e3d664dfcf4dde937d06fc198aac3d89bc78455bf9d61b31df82ccdbfcfe8ba47daccfcdb27c00098df003cc61914d477dae81381786b908f56015ad4168787ee7d3004215697b5cb566f1a25cc9619ae108aef5837f2ba1bb3f1b6af3e4f4e7e3cacc1989ea2b34566d03cd266e6dffe180c80f90dc06b9cc521cc30113a99d8c795a385e8bff13c7ab36b555e38347f7909bdf5f97d3e3af0d56a8472bde2bb94dd32727478c5bca5ebc5776cc358a9cf7bafbd9ba7c53611751e3593e671167da3dc0103607e03f011e31598bd669a0c44b2d79ead4512f8fcc34fd74298b5e544f5d1c6a59f2c5e77c7ade34351816029733ff4f315eb690ef8031bc78fb93db478cec222aa6b80b1d096251f7f51a4451d89811ee3153dbb684740a1d18ccfe0231800f31b80a58c0761cacc3621e850a0d72e6971bafc240913045adf1582ead2ca3dcb3e5d524c75e06f1a31329c10175fe4743aab64593e28c6e8c445de1ae9df9da03feb743877c5c7c5afa3e57cfabbbe9cfbc53af17757a3318fbeac9cb7743df35bee39f1c8d266a31ffa3b17cc6dd297c20098df00b05d8f89724845669b10c4fcf4c001e65ed9e7dd2f9c316d7a1e84dad8a7c6a98e437dc5fe03bb4a765413f4cfb49a805b1dc666d6db1fe66b71ae47b2d9eae6a5076acda875a4d18ccfa20806c0fc06a08ead49895bce33e3a420de19ecdba2667390b3df229f7ef849dc0e008091e79f782e5bed225f0a2d6f0cf26e34abce319744af83013077f2ff31e7e448f7d9c3669d18c47df1ee5cad0e87d1f52f083700bde7aedbee0c69356fefeee3ca31b3c69146333f931fc10098d700fc85331846453b43669e1cc4300d2a057692959e958b53e100f4f84c47dbb559c373b49aaf667fc12148a3999fcbffc00098d700a47206c33d2677c79d2479ec9aad0424f64d5cdb5cd3d8044107a0ebb4ec6b6c1e9038608d66f3d42de7ad1a1aec30bbb6ddc37ff5391906c0bc06602267303c95e859630503b07268b02dd6296b262e51c1a8d286aa434721ec005c9c63bb0e374447456fd06c7e3aa4a29559c1562b681b6934f3f3b91b06c0bc06e06dd63e00837d655698244ad5ac269f5dd24c643c6e4f455d794d2d041e80f37360ebbe3a9a2b9acd4b59dab4343370c22aba461acdfc8cde800130af0158c5190c8b33030d56992804fd1e972c6926360ebb634f65714515841e80efb2b378db2e3147aab59a8f4ec9b6fd8b8cc061ab691af3735a0e03605e0350cd7837f6a09526ca593502eaec924d33d19124e9e0fa505119041f80bf43734296e47acd7a3648b69a7969fefd56d434d26ac66755050360cee4ff7dce7bb3b45466c5c942cc19e2df4d1dbf343401c7e7bc3bab00c20fc0a9d33417684e6836ff6cb643b352fd3badaa67ccedd0db04df8301309f01f813f72959ab4e18e2fd64df56f13b8f69d948e686e123b2e9b433920088d493fe3407346eded44845c1acac65ccc58088ff8401309f01e8cf190423a3cc5f03e062bc36d0bb418b3ae367e3f578cb69ef13090144da7e3fc5bec6c9bfe9a5246fb1d575ecc628f65a27093000e63300e33983e0e1beeed5569f38049501d57a254092a46333dffa201f8901440214eb14f35abff9bf92e42d89040d23ad667e76636100cc67005ee10c82772d7405f062d06f956cb6c35af7961f31f4ba6c140d025685629b625ceb7925e672c39b83bc9b2245bf94be279ccff0791800f3198025ac5700330247236502111fa4f8b609e1a8d75aace80ef48e755b715510580a8a692deff79f7de06f7ab2af3c92b46b5146e008f3739c0f03603e03b08d731245d204ea844e0a6bd446f83bb704fef6c6fbab91388015a058d6f294ffd96d7dff96e2db1e89da459acdf82c37c300982bf95f46bde97105b0f7cc1de2afd6b24ec0d90ccf1c96d3bcf7f849241160ca257f11bb14c37acc1dbae73f3bd55f15a9ba25347b33e3f33c29b80406c03c06e0df7105908fcfd2fcfb1c92ad4a0f2173bbdddbb61795ef4442016682629662578f3943865d18f73d91ac59fdf8af02fe5f1800f3188038d6fbea4147289227935231f08053b2e922687482f9d1fb1f09b7ee3f790ac90518198a518a55adafd37e5d6e5bb255ce4b0fd446ba5e9166333f5b3f0c80790cc068cec17f2842ae005e0caa1beeb54b1b753201a7dd2ef7f6ec85ab3620d1002342b14931aadbfc90a5b205e9817a6855f0f4e40437f70ac0f53000e631002f700efedb837d9b31a9ceb03c2bd8dccf25afd64be488b4e42179f515fb0e20e9002340b14831a9e79c8877c9f9cbb28227a1516720cd667ec64fc30098c700e4720e3e5d2bc1a43a67b5ad0ebd044f92a486a98f3f93dd5ed7dc862404f480628f62906251cfe43f22e808ad1a1aec802e7d73b592f939af800130cf0d8046c6ab348731a1cecd237dddf9545e544ff1a372aa85cbf3372321012da198d3a194ef774afb3e8cedc90b5d05e4ac0770d48a3701ac6800fecc9a60ecd2464ca60b2fb569d949f03c74d075aba395f587919c809a508c2957fb3af48c799a73d89abc302a9c57fa030c80f10dc0f59c839ee9778431992ecca769fe1a1d6f089cbd2d70e8f5a9afe5741c68e940b2029c504c516c518ce91de72e59aaa03907edb930e93e7b98f9d90f870130be0198c639e84ff4f31460325d9c259981e3d10ea9506f712402fec0a6d2ece272242ec001c512c59411623bd629affd3233d008cdb9388ff5fb6a8b92f3f9bf0203607c0350c439e8b853db75560e0db6a9e0ba7bbc2dd0bf6fe29ae25585654862a02750ec0ce8d77f8ddecbfd9d0cf53bc2ab8606dba1355d2f60c63c066b60008c9dfcaf10b47096d3c444ea3eb46a229d3934630423703a3eaecfbabcc5d9a5486aa02be42fc9d9181f175f6494f8a5baf653fa7bd6425bba8fd0704e13d04c390606c0b80640e69c78092e391f93a8677c92e6df4b3d148c22a2447454f486e59f7d598c2407cec5ca794bd7c74445971829667d766903bdc942537a06d547601e130906c0b806601ce7608f8b75e200606fb604b282adc302fad60b38177e9f7ff3fc999fad45d203c417b3e7171a658fff2cdaaf0f3a42b4ad062de939b7c638b9b724c7c10018d7002c400540e3f16292b7d8005705bfdbe5d1eda998fdceccfcf603cded48849177aa7fee7bb30b0c7097ffbb5b8f365bedab03bd25d08edef3e6202fb7b15b000360cce4ff3dc131cefd9e1559c1164c22be66424187b4ce6862fbd5b52aa7ab72faabefe4b5d536b522395abf7adf07afbfb75acf9afd17dca67248850b330287a0197ca5cb39cf852939e67b3000c633003e1400323654ae7474f4574b72ad46145f87c351fdf8038f86ebca6b6a912cad57afffa9879e083b1dce2a23c61e25a97131ce304afaf2a3c259241f0c80f10cc0639c839ce1b763ff5f25de1ae4dbe4906c461562a28d6e0ed09b62d3de63279040cd49f3dee3273f7c73c6eabef109549fa2cda8f126e6c28ee9837d65d006d314047a0c06c07806600de7203f8e0240aa2fcd5d7be680e029031b01aa2e783c2b2d3337347f79092a0c9a636f9fdaf266a567e58ab13b66e4d8a2b77eea5b8fad46d315045a030360ace4ff333a35cb5a0028cdbf1f93477d3e48f16df3c8d266830bf557d8edf69a0963c787b615965522d91a8bed45e53befb87542488cd15e33c4126d317e98e2df010dd0a65439f70d0dca393000c6310029aca770510048ebb301ed74e592b38ba3165709a915ec911d070e2101eb033dfbe79f782e9bc6c22c7123383e21ce958dbd7e8d0b02d96cfb99c7310506c03806e06d1400b246f1a0288754642231274e51c9e119d3a6e7e1f0a0fad033a6674dcfdce8db47df26c629af45511f7de8e3920b98c7f36d18006324ffcb05f52800641d2627b8f3a8fca9c98cc0d7570a6f183e22fbe3e91f15607580a7fd2eddd7bfe1daebb3e9d99a3126a806c6a3fddc78a9b0564120ca3997c300e86f0012b827ecac54ff4e4c1a7da1bbd0fddd72aed1aa0876b72191d7e3d97acbc8d1e1851f7d5ed8b8fbc87124f50b73a2fa68e3e2390b8ac6dc744b5829d2d36ee2f16f1fe8b1e72cca081cc19cd6173a6fa1c2f826c000e86f0066700e2af5b5c784310ed3937de501bbb4dec449e06c5aa9e42c1d24a4baf3cd358d4d919ef05bf63536d30d8b3bc7dd110a06021b8d5a23a2bb50d1ab1929be0acc61e340d72d99c779060c80bec9ff078206ce411d19e50c61b2188fa9033c45c29c6db78811f8bada644c744cc9d89bc784a73df76a4eeea2702915acb16ab23fb86d7f3d75657c7dea6b39b78e1a1b8e8d8e2163d764a53175cab68a170678d761ce1a0feaadc03cde947b7e0003a09f0148e69ec01fa5faab30598c7b5be0de78570ed54ab79811f876ed81063ad99e963224effebb2685a85fc1e6bc0d1554d8c60cc577e8bbce797756c10377df17a2df40bf45fca6a3561e333a657e5fbc3b97621473d5a8db003e355e20926100f433001fb31ee092252cd99980a5998113b4524357aaac9c54ce75a6806a11f4898d2bbef1ba1bb29f7b6c4a367535a4c2371bc2ebca2b8b2baa6805418dea85f477d2df4d9f419f459f499f4d5721e9bbd07752eee07744d8981cbf49c4e2b2ace049cc4d536c03701f24fd1806409fe4ff23c149cec1bc09cbffa662417aa03ed96bcfb6cabe317739635a49b0cbf67d2e976b07bd85c7c5c4150f481cb0263d352d8f92f6f831b78708fa67fadfe8dfd19fa13f4bff0dfdb7f47718b98cae9ee7395244ec510c622e46f43600e5a01fc100686f0046724fead958fe3725346e74da9ab9eb1700e72cdf4bb106adc036c0598c8401d036f95f2228635efedf8a09626ea87c73a6df61aa8a82c03c4bfd5922b6e6a5076a31d7b00df02d28175d0203a09d0148e49ee03763f9df32d0bd6b3a2320d96c0791b8402f8bf8d493362cce081cc5dcc236c005488401d0ce00b00fe09c21fe5d981cd6820e6651dd7559b2ed413203dd6afc24d9aaef14b12362a80973c95afc4d9d6d80100c8036c9dfc65ebe5596ca3131accbcaac60eb8309ee3c2af284e4062eb615f8485ff7ea9543836d983bd806e826361800f50dc02cee811b158de5ff08a923d0f14a92b7a49f5bceb35a011ad02b4ef41731f1da40ef06cc93c860843adb00b36000d44dfebf55e3cad79c21fedd98149105ede9d2f600adfe200146266e592abbbb8f2b674966e018e64464f1418a4f8dd540ca4dbf850150cf004c5743043021229bf7927de5a95e7bb664b31d4562b4fca1bec3693e7b1875fa814adb00d36100d449feb21a55c61eeaeb5e8dc9009443834d140f4af3a10e244ceb54500c3aa4e247fabaf39767059b11eb80a0d51f35628d72150c00ffbdff352a9cf4dd85c33ee0dbbc31c8bbd16f974a9038ad0125ffb706f93621b6c1d9acc80ab6c8926d9f0a31b7c62c7501cc6200ae53431826c5bb72311100f14546e0f0b85867588596a1c0289dfa24dbf6dbc418d35823e601313ed695ad52bc5d0703c093fc7f2cd8cfdebd4bb2ed150ef014264164f3ea406f493f97bc9a5af32249460ccd34e634f6743304f320b2b7fd249bad4e8518a39cf5631880de1b8067d510012af2810910b94d84c6c438c376c956856418f1057f768d8e7686e7a7070e606e4426638516a8145fcfc200f42ef97bd4b8f647fde4711828e26a00b4bf30c0bbae8f4b2e1031700ac90f7cfb0a579c535e337580a78862057326a2da8b374a36db2195ae057a60007a96fc7f21a85163b2d35e2f023f32923e2df3a69cb9e27700490e74717bb0e686a023f4699abf06f32832a07e0f2ac513e5b05fc000742ff95f2658a9d23de083c2f19d40d05b37e953b5bf64247dc070a58bea84dc249203d58fc7fcb22e540c4ac53a2094cb2e8301e8ba017852ad494dfb7d08788bd5fa1f1a6cb348d2a7b79065820a8b1d4a6c567ed332351a7969785e607786df1ea692c1b83e8c2e81dde4491880ae25ff016a156111c9e188707ac711ecd648fa2f2779d72b49bfdee409b24810758eda17bf123805e9828982698245822d8246037dff46e53b2d52bee344e53b3b95df70c9b77e5b94f29bcd5c51f0d000b79cfb54a2670d5614add3465c8ced71b5569328b7c1005c38f9ff467044ad494bfb7a087473dfd57f22d15330d86bcfb140d227762889f2921ece97ab94ee98830523046305f7081e566ecfbc26785f305749ce74dab95049d6bb6c67564b0e28ffbc45f97761e5cfce55fedbd794bfeb61e5ef1eab7cd660e5b3afea4571af74e519987d1c4fc63ae5b5545764617ae020e6aa7919165075158072db6f6000ce2d08972ae2a3da29dfb943fcd50872739dcea553d9597e475869dad36e912571322fe304df33630f71e679ff3de559d45b646cdbbd76a994ae99ce4ef557611e9b8b59a9fe9d2aeb0ce5b84b6100be2b04c335989c6d1e59da7cad7079b4678cab80c682c683f657a955a710d18d16bcae774cf0b8e027919ef8cf31ff7fa23c9b63561a73aa2c39c467cf7eb49f3b7f5e7aa016f3dc7085804ebe98e42d1e2a5e32e8c0a7462f19c36100be2b00d97a2cdd051dd23a72ebd4110e55c1b4dfc77f7bb06ff3a8686728e0908a693c2c7a9afca060b2e06748f617d5819f29cfeaa0450b0f5527bae53c6a44f3618a6f3b34477bcda1be1074b343e9f7a1c761db6c18806f4efa5f1ae5604f824bcebf474c4ebaf68393bebcd0fee84bc26d53e5ad18a7bc563cef068b5f23a33bc077087e88e4de6d4df8a1f2ec6aac1c23743039c62115d2ed246a428555497e3e4cf1efa09aff744ec3402b4cbf8401f866c53f234ed046dacf4bf7d9c39313dc79b43f04c7deb52e5b33927d150f8a6746fbf7b4caa252bd6da3427dc64709be8f64de6b6df8bef22c2b2324769a69fb6b58c011a66d035a2540cf92ae3377887f0fddcca02b7d22e1af11ba536bd071f6c000fc7d92a79b691f97968e28b1517ff13943fc11dd5298f635e9a0de2de20da69f5bcea38e6b115c6a77b36098518b7e98dc085ca63cdbcd111857a7685ed1eae48d518ed013fd3c05e265a4726556b035925f32de4ff66dbd2fde9d9b265ed07c7669838a857cd4201d06e0ef93bbafd927a843b255453ba4420a465a6ea2a4f8953930f924a5ca7ad43c67468aaf820ecbd05527fa8d648254aa9f6d46e8fadc20b3f40037b911b84479d685883b5b8b3006dbfabae4d5b4a74d6fbe74f3c04adb088b33030db41d4b7a4a25dcfbbbe55c972c5558e025a32f0cc0df27f535566e324215c4a21c5211dd5fa713ee641068f5806e2250705382d5721581b631683f9e3efba524ef7adadeb835c619a6550d31c1f268c99e2699b26cdf06a13d6fa38f7982582466dd742356198356c4e377cf33d1aa01cd654a9ac303677487560fe8ac012d95eb6d14becc0c34ce4cf55776be58509d96811e7b0e7d67f1425569b06257dc5c0303f0f7897c85554ffd76e7fe304d5aba3644cb59c230aca33d2c5af6a3094ce681debc696f90f6b7e8e4fc3891b4e90603fdf348f10640e6820a59648a444e7f96aae4d184a253c76440e82ebdb22706c1ec39d442f87ec1af91840d63047ead8c09da3b77df281c26a340b770e8909ca2377983846ed0f5457a29b84ee80aad3090d64c8873654fece3caa1f33d8ff573e793a1a07fa65b0da447f4e7e89a359d9b1aa4684f1fa75c40fa43ba4657ed28b99b6cb95e8d5b4157c0007c7312bf8409098cbac523f854106fa4221ee09cc5c4e295b142cb6760545ec235c0ef4edeff109c407000839de6bf97ead923c19ace0cfc4a19bb4ac431301094e3fe0306e0dc93760c020418e06dff63657f1987faac716830561953ac0a00bd19835e00179eb0af2148800e6c579addfc0289d3b266e017ca186f47bc031d7805dd00bb36511fc04135a001d4fa7396201a6ffb11b72a10ad8cfd71cc03a0c1aae23d469c0b469ea4bf13cc8411002a74e27b977a730b7e808418f166e0074a2cbc6ba18e84c038897f86e0df8d1aff6698a0d4f37cb42047d081a0023d80faddbf2808a04a1fb848b5c180122bbb306f400f93fe22c108c14f8d1ef3669ba0bf11dc252846a0818bb049f0a8e0af486ea0877af357258636613e818b24fdc54ad23755c74f334fce3f081e1654200081b23a942fb89bb68f90c0800a5b92772b31869548d099f4afb799b8cdb75526e75f040f0ad650453d0467444dc22f956e71b8ab0fb4ac31304a893d5c2d8c2cbd5962f6a46f3903708eab3ed729f77e8f22682d478332b659827f4442023aebcd3f2ab1f8b1129b98a3d62bdc436ffa37087e6eb5f8b5fae4bc5c10143c2b2847309b12ea5df089e076c1ffe2101f307829625a8dbc55305bb007f3d7942f1874886fa2c025f89e956336d226e82f6d675a893e2dc846e961c396df7d5f70a3e0f7482cc0e49af36f82a182d795c384383f60bcc63cd451727c24be6044fae4bc5c19742a41fc012a8469df0151502a7855902ef817240d6071cdf9992051f0a472b5b9093aa029fb94d519d2fcff8ef402609894e7ae3bd05ff0b860a5e018260d0b870561c1cb82910287e087883910e17a43add0dd4a89623a47b019070bd96b807ca0ac28fe27620e06a027fb7ad7086e16bca79c25c032def96955446c96d28dad9fe05f114b00746b65f24f8214c164e58d75a3a005fa72de837a1b1403f59860b8c06e86423c3000e69ca03f11fc8f60a0e036c1f3b6333dc88b953d25ab4fb836e580538132e99e51261d3d932b102300a856a990ea9f0c56faa5cc52125f53846c17ee54aee1bda42ce1c72ac5e1d0c70306c05013f54782ff52f6fac62a099212e55a419d090aead0c9fb22c167ca64bb4bd9a3772b13ee728c3300863206ff2ef00a86282f254f2987699729870f0f9ae4c582b467b560bab2823858d1d2ef63ac6100ac3261af14fc5110274856de9ea9dfc11d4a41a3a795bdf27795e5bf05ca798435ca5260a532518e2993a659d963df2bd8a6bc1550c5b215ca7f3b5b9950af2a66e461e59acb38656f8c92bb5f1111bcc10360ddf306bf55cedf0c56dea21f5374e11dc187ca95db2f14edc813ac53b6f47628fa4246a251d11de2a4e088f26253adfcb92d82f58a5ed16dabe5cacbc4db8a31b953299b4b67ad9c4a95c59fe14d5e7bfe7f7e22574f5b40dba40000000049454e44ae426082, 5, 3, 19);

-- --------------------------------------------------------

--
-- Table structure for table `pharmacist`
--

CREATE TABLE `pharmacist` (
  `pharmacist_Id` int(11) NOT NULL,
  `staff_id` varchar(50) NOT NULL,
  `name` varchar(100) NOT NULL,
  `contact` varchar(20) NOT NULL,
  `user_id` int(11) NOT NULL
) ENGINE=InnoDB DEFAULT CHARSET=utf8mb4 COLLATE=utf8mb4_general_ci;

--
-- Dumping data for table `pharmacist`
--

INSERT INTO `pharmacist` (`pharmacist_Id`, `staff_id`, `name`, `contact`, `user_id`) VALUES
(1, 'P-039933', 'Pethum Shyam', '0738768762', 22),
(2, 'P-039222', 'Johon Jonh', '0738768762', 23);

-- --------------------------------------------------------

--
-- Table structure for table `physical_activity`
--

CREATE TABLE `physical_activity` (
  `activity_id` int(11) NOT NULL,
  `name` varchar(100) NOT NULL
) ENGINE=InnoDB DEFAULT CHARSET=utf8mb4 COLLATE=utf8mb4_general_ci;

-- --------------------------------------------------------

--
-- Table structure for table `prescribed_medicine`
--

CREATE TABLE `prescribed_medicine` (
  `pmed_id` int(11) NOT NULL,
  `status` varchar(70) NOT NULL,
  `frequency` varchar(50) NOT NULL,
  `duration` varchar(50) NOT NULL,
  `dosage` varchar(50) NOT NULL,
  `med_id` int(11) NOT NULL
) ENGINE=InnoDB DEFAULT CHARSET=utf8mb4 COLLATE=utf8mb4_general_ci;

--
-- Dumping data for table `prescribed_medicine`
--

INSERT INTO `prescribed_medicine` (`pmed_id`, `status`, `frequency`, `duration`, `dosage`, `med_id`) VALUES
(1, 'Pending', '3 times', '2 months', '10g', 1),
(2, 'Pending', '1 times', '2 months', '10ml', 6),
(3, 'Pending', '3 times', '6 months', '5g', 8),
(4, 'Pending', '3 times', '2 months', '5g', 4),
(5, 'Pending', '3 times', '2 months', '10ml', 6),
(6, 'Pending', '2 times', '5 months', '5g', 3),
(7, 'Pending', '2 times', '6 months', '10g', 2);

-- --------------------------------------------------------

--
-- Table structure for table `prescription`
--

CREATE TABLE `prescription` (
  `prescription_id` int(11) NOT NULL,
  `prescribed_date` date NOT NULL,
  `status` varchar(50) NOT NULL,
  `patient_id` int(11) NOT NULL,
  `doc_id` int(11) NOT NULL
) ENGINE=InnoDB DEFAULT CHARSET=utf8mb4 COLLATE=utf8mb4_general_ci;

--
-- Dumping data for table `prescription`
--

INSERT INTO `prescription` (`prescription_id`, `prescribed_date`, `status`, `patient_id`, `doc_id`) VALUES
(2, '2024-03-06', 'Pending', 2, 1),
(3, '2024-02-06', 'Pending', 2, 1),
(4, '2024-01-02', 'Confirm', 5, 1),
(5, '2024-03-17', 'Confirm', 4, 2);

-- --------------------------------------------------------

--
-- Table structure for table `prescription_prescribed_med`
--

CREATE TABLE `prescription_prescribed_med` (
  `precription_id` int(11) NOT NULL,
  `prescribed_med_no` int(11) NOT NULL
) ENGINE=InnoDB DEFAULT CHARSET=utf8mb4 COLLATE=utf8mb4_general_ci;

--
-- Dumping data for table `prescription_prescribed_med`
--

INSERT INTO `prescription_prescribed_med` (`precription_id`, `prescribed_med_no`) VALUES
(3, 3),
(3, 5),
(3, 6),
(3, 7),
(4, 1),
(4, 2),
(5, 3);

-- --------------------------------------------------------

--
-- Table structure for table `receptionist`
--

CREATE TABLE `receptionist` (
  `receptionist_id` int(11) NOT NULL,
  `staff_id` varchar(50) NOT NULL,
  `name` text NOT NULL,
  `contact` varchar(20) NOT NULL,
  `user_id` int(11) NOT NULL
) ENGINE=InnoDB DEFAULT CHARSET=utf8mb4 COLLATE=utf8mb4_general_ci;

--
-- Dumping data for table `receptionist`
--

INSERT INTO `receptionist` (`receptionist_id`, `staff_id`, `name`, `contact`, `user_id`) VALUES
(1, 'R-183823', 'Megan Dioor', '0733222222', 6),
(2, 'R-273872', 'Memee', '0739829821', 7),
(3, 'R-202321', 'Sriyani ', '0838291222', 9),
(4, 'R-676767', 'Sarath', '0738291021', 13),
(5, 'R-283899', 'wewe', '0738291021', 14);

-- --------------------------------------------------------

--
-- Table structure for table `test_request`
--

CREATE TABLE `test_request` (
  `request_id` int(11) NOT NULL,
  `request_date` date NOT NULL,
  `status` varchar(50) NOT NULL,
  `test_id` int(11) NOT NULL,
  `patient_id` int(11) NOT NULL,
  `doc_id` int(11) NOT NULL
) ENGINE=InnoDB DEFAULT CHARSET=utf8mb4 COLLATE=utf8mb4_general_ci;

--
-- Dumping data for table `test_request`
--

INSERT INTO `test_request` (`request_id`, `request_date`, `status`, `test_id`, `patient_id`, `doc_id`) VALUES
(1, '2024-03-01', 'Pending', 1, 4, 2),
(2, '2024-01-17', 'Confirm', 2, 4, 2),
(3, '2024-03-12', 'Pending', 10, 4, 2),
(4, '2024-03-15', 'Pending', 4, 4, 1),
(5, '2024-03-13', 'Pending', 4, 5, 2);

-- --------------------------------------------------------

--
-- Table structure for table `test_result`
--

CREATE TABLE `test_result` (
  `result_id` int(11) NOT NULL,
  `date` date NOT NULL,
  `result_value` varchar(100) NOT NULL,
  `note` text DEFAULT NULL,
  `result_attachment` blob DEFAULT NULL,
  `request_id` int(11) NOT NULL,
  `labtech_id` int(11) NOT NULL
) ENGINE=InnoDB DEFAULT CHARSET=utf8mb4 COLLATE=utf8mb4_general_ci;

--
-- Dumping data for table `test_result`
--

INSERT INTO `test_result` (`result_id`, `date`, `result_value`, `note`, `result_attachment`, `request_id`, `labtech_id`) VALUES
(1, '2024-03-17', '90 mg/dL', NULL, NULL, 1, 1),
(2, '2024-03-16', '6.6 %', 'Out of normal range.', NULL, 5, 2);

-- --------------------------------------------------------

--
-- Table structure for table `user`
--

CREATE TABLE `user` (
  `user_id` int(11) NOT NULL,
  `username` varchar(50) NOT NULL,
  `password` varchar(100) NOT NULL,
  `role` text NOT NULL
) ENGINE=InnoDB DEFAULT CHARSET=utf8mb4 COLLATE=utf8mb4_general_ci;

--
-- Dumping data for table `user`
--

INSERT INTO `user` (`user_id`, `username`, `password`, `role`) VALUES
(2, 'jdone13', '$2y$12$FTOK1QppMHqX4nb1IvcwJO88CJRBA9J4vyTo.G9dCUQ1ojc8U7ZBi', 'receptionist'),
(6, 'megand', '$2y$12$f5S4R6iuI..RobXRlWAc.OgkEVSFovM0UYvjF0aDE6EcNGJLuupN2', 'receptionist'),
(7, 'mememe', '$2y$12$nyOKCoS8xdaI207tJf0VjOOvKFg.pfX9mxDV/oy/bLLLcs73VZeXy', 'receptionist'),
(9, 'sriyan21', '123', 'receptionist'),
(15, 'saku13', '123', 'admin'),
(16, 'nima13', '123', 'admin'),
(17, 'jana13', '123', 'receptionist'),
(18, 'che13', '123', 'receptionist'),
(19, 'tom13', '123', 'patient'),
(20, 'ann13', '123', 'patient'),
(21, 'jack13', '123', 'patient'),
(22, 'pethum13', '123', 'pharamcist'),
(23, 'john13', '123', 'pharamcist'),
(24, 'labuser13', '123', 'lab technician'),
(25, 'megan13', '123', 'lab technician'),
(26, 'doctoeuser13', '123', 'doctor'),
(27, 'will13', '123', 'doctor');

-- --------------------------------------------------------

--
-- Table structure for table `visit_record`
--

CREATE TABLE `visit_record` (
  `record_id` int(11) NOT NULL,
  `bp_systolic` varchar(20) NOT NULL,
  `bp_diastolic` varchar(20) NOT NULL,
  `plus_rate` varchar(20) NOT NULL,
  `glucose_level` varchar(20) NOT NULL,
  `patient_concerns` text NOT NULL,
  `patient_condition` text NOT NULL,
  `instructions` text NOT NULL,
  `note` text NOT NULL,
  `appoinment_id` int(11) NOT NULL
) ENGINE=InnoDB DEFAULT CHARSET=utf8mb4 COLLATE=utf8mb4_general_ci;

--
-- Indexes for dumped tables
--

--
-- Indexes for table `admin`
--
ALTER TABLE `admin`
  ADD PRIMARY KEY (`admin_id`),
  ADD KEY `user_id` (`user_id`);

--
-- Indexes for table `appointment`
--
ALTER TABLE `appointment`
  ADD PRIMARY KEY (`appointment_id`),
  ADD KEY `patient_id` (`patient_id`),
  ADD KEY `doc_id` (`doc_id`);

--
-- Indexes for table `audit_trail`
--
ALTER TABLE `audit_trail`
  ADD PRIMARY KEY (`trail_id`),
  ADD KEY `username` (`username`);

--
-- Indexes for table `category`
--
ALTER TABLE `category`
  ADD PRIMARY KEY (`category_id`);

--
-- Indexes for table `chart`
--
ALTER TABLE `chart`
  ADD PRIMARY KEY (`chart_id`),
  ADD KEY `patient_id` (`patient_id`);

--
-- Indexes for table `complication`
--
ALTER TABLE `complication`
  ADD PRIMARY KEY (`complication_id`),
  ADD KEY `diagnosis_id` (`diagnosis_id`);

--
-- Indexes for table `diagnosis`
--
ALTER TABLE `diagnosis`
  ADD PRIMARY KEY (`diagnosis_id`),
  ADD KEY `doc_id` (`doc_id`),
  ADD KEY `patient_id` (`patient_id`);

--
-- Indexes for table `dietary_plan`
--
ALTER TABLE `dietary_plan`
  ADD PRIMARY KEY (`dplan_id`);

--
-- Indexes for table `doctor`
--
ALTER TABLE `doctor`
  ADD PRIMARY KEY (`doc_id`),
  ADD KEY `user_id` (`user_id`);

--
-- Indexes for table `dplan_food`
--
ALTER TABLE `dplan_food`
  ADD PRIMARY KEY (`dplan_id`,`food_id`),
  ADD KEY `food_id` (`food_id`);

--
-- Indexes for table `emergency_contact`
--
ALTER TABLE `emergency_contact`
  ADD PRIMARY KEY (`contact_id`);

--
-- Indexes for table `eplan_activity`
--
ALTER TABLE `eplan_activity`
  ADD PRIMARY KEY (`eplan_id`,`activity_id`),
  ADD KEY `activity_id` (`activity_id`);

--
-- Indexes for table `exercise_plan`
--
ALTER TABLE `exercise_plan`
  ADD PRIMARY KEY (`eplan_id`),
  ADD KEY `category_id` (`category_id`);

--
-- Indexes for table `family_history`
--
ALTER TABLE `family_history`
  ADD PRIMARY KEY (`family_history_id`),
  ADD KEY `history_id` (`history_id`);

--
-- Indexes for table `food`
--
ALTER TABLE `food`
  ADD PRIMARY KEY (`food_id`);

--
-- Indexes for table `history`
--
ALTER TABLE `history`
  ADD PRIMARY KEY (`history_id`),
  ADD KEY `patient_id` (`patient_id`);

--
-- Indexes for table `history_allergies`
--
ALTER TABLE `history_allergies`
  ADD PRIMARY KEY (`history_id`,`allergies`);

--
-- Indexes for table `history_past_medical_history`
--
ALTER TABLE `history_past_medical_history`
  ADD PRIMARY KEY (`history_id`,`past_medical_history`);

--
-- Indexes for table `lab_technician`
--
ALTER TABLE `lab_technician`
  ADD PRIMARY KEY (`lab_tech_id`),
  ADD KEY `user_id` (`user_id`);

--
-- Indexes for table `lab_test`
--
ALTER TABLE `lab_test`
  ADD PRIMARY KEY (`test_id`);

--
-- Indexes for table `medicine`
--
ALTER TABLE `medicine`
  ADD PRIMARY KEY (`med_id`);

--
-- Indexes for table `message`
--
ALTER TABLE `message`
  ADD PRIMARY KEY (`message_id`),
  ADD KEY `sender_id` (`sender_id`),
  ADD KEY `reciever_id` (`reciever_id`);

--
-- Indexes for table `patient`
--
ALTER TABLE `patient`
  ADD PRIMARY KEY (`patient_id`),
  ADD KEY `user_id` (`user_id`),
  ADD KEY `category_id` (`category_id`),
  ADD KEY `emergency_contact_id` (`emergency_contact_id`);

--
-- Indexes for table `pharmacist`
--
ALTER TABLE `pharmacist`
  ADD PRIMARY KEY (`pharmacist_Id`),
  ADD KEY `user_id` (`user_id`);

--
-- Indexes for table `physical_activity`
--
ALTER TABLE `physical_activity`
  ADD PRIMARY KEY (`activity_id`);

--
-- Indexes for table `prescribed_medicine`
--
ALTER TABLE `prescribed_medicine`
  ADD PRIMARY KEY (`pmed_id`),
  ADD KEY `med_id` (`med_id`);

--
-- Indexes for table `prescription`
--
ALTER TABLE `prescription`
  ADD PRIMARY KEY (`prescription_id`),
  ADD KEY `doc_id` (`doc_id`),
  ADD KEY `patient_id` (`patient_id`);

--
-- Indexes for table `prescription_prescribed_med`
--
ALTER TABLE `prescription_prescribed_med`
  ADD PRIMARY KEY (`precription_id`,`prescribed_med_no`),
  ADD KEY `prescription_prescribed_med_ibfk_2` (`prescribed_med_no`);

--
-- Indexes for table `receptionist`
--
ALTER TABLE `receptionist`
  ADD PRIMARY KEY (`receptionist_id`);

--
-- Indexes for table `test_request`
--
ALTER TABLE `test_request`
  ADD PRIMARY KEY (`request_id`),
  ADD KEY `doc_id` (`doc_id`),
  ADD KEY `patient_id` (`patient_id`),
  ADD KEY `test_id` (`test_id`);

--
-- Indexes for table `test_result`
--
ALTER TABLE `test_result`
  ADD PRIMARY KEY (`result_id`),
  ADD KEY `labtech_id` (`labtech_id`),
  ADD KEY `request_id` (`request_id`);

--
-- Indexes for table `user`
--
ALTER TABLE `user`
  ADD PRIMARY KEY (`user_id`),
  ADD UNIQUE KEY `username` (`username`),
  ADD UNIQUE KEY `username_2` (`username`);

--
-- Indexes for table `visit_record`
--
ALTER TABLE `visit_record`
  ADD PRIMARY KEY (`record_id`),
  ADD KEY `appoinment_id` (`appoinment_id`);

--
-- AUTO_INCREMENT for dumped tables
--

--
-- AUTO_INCREMENT for table `admin`
--
ALTER TABLE `admin`
  MODIFY `admin_id` int(11) NOT NULL AUTO_INCREMENT, AUTO_INCREMENT=4;

--
-- AUTO_INCREMENT for table `appointment`
--
ALTER TABLE `appointment`
  MODIFY `appointment_id` int(11) NOT NULL AUTO_INCREMENT;

--
-- AUTO_INCREMENT for table `audit_trail`
--
ALTER TABLE `audit_trail`
  MODIFY `trail_id` int(11) NOT NULL AUTO_INCREMENT, AUTO_INCREMENT=4;

--
-- AUTO_INCREMENT for table `category`
--
ALTER TABLE `category`
  MODIFY `category_id` int(11) NOT NULL AUTO_INCREMENT, AUTO_INCREMENT=4;

--
-- AUTO_INCREMENT for table `chart`
--
ALTER TABLE `chart`
  MODIFY `chart_id` int(11) NOT NULL AUTO_INCREMENT;

--
-- AUTO_INCREMENT for table `complication`
--
ALTER TABLE `complication`
  MODIFY `complication_id` int(11) NOT NULL AUTO_INCREMENT;

--
-- AUTO_INCREMENT for table `diagnosis`
--
ALTER TABLE `diagnosis`
  MODIFY `diagnosis_id` int(11) NOT NULL AUTO_INCREMENT;

--
-- AUTO_INCREMENT for table `dietary_plan`
--
ALTER TABLE `dietary_plan`
  MODIFY `dplan_id` int(11) NOT NULL AUTO_INCREMENT;

--
-- AUTO_INCREMENT for table `doctor`
--
ALTER TABLE `doctor`
  MODIFY `doc_id` int(11) NOT NULL AUTO_INCREMENT, AUTO_INCREMENT=3;

--
-- AUTO_INCREMENT for table `emergency_contact`
--
ALTER TABLE `emergency_contact`
  MODIFY `contact_id` int(11) NOT NULL AUTO_INCREMENT, AUTO_INCREMENT=6;

--
-- AUTO_INCREMENT for table `exercise_plan`
--
ALTER TABLE `exercise_plan`
  MODIFY `eplan_id` int(11) NOT NULL AUTO_INCREMENT;

--
-- AUTO_INCREMENT for table `family_history`
--
ALTER TABLE `family_history`
  MODIFY `family_history_id` int(11) NOT NULL AUTO_INCREMENT;

--
-- AUTO_INCREMENT for table `food`
--
ALTER TABLE `food`
  MODIFY `food_id` int(11) NOT NULL AUTO_INCREMENT;

--
-- AUTO_INCREMENT for table `history`
--
ALTER TABLE `history`
  MODIFY `history_id` int(11) NOT NULL AUTO_INCREMENT;

--
-- AUTO_INCREMENT for table `lab_technician`
--
ALTER TABLE `lab_technician`
  MODIFY `lab_tech_id` int(11) NOT NULL AUTO_INCREMENT, AUTO_INCREMENT=3;

--
-- AUTO_INCREMENT for table `lab_test`
--
ALTER TABLE `lab_test`
  MODIFY `test_id` int(11) NOT NULL AUTO_INCREMENT, AUTO_INCREMENT=11;

--
-- AUTO_INCREMENT for table `medicine`
--
ALTER TABLE `medicine`
  MODIFY `med_id` int(11) NOT NULL AUTO_INCREMENT, AUTO_INCREMENT=9;

--
-- AUTO_INCREMENT for table `message`
--
ALTER TABLE `message`
  MODIFY `message_id` int(11) NOT NULL AUTO_INCREMENT;

--
-- AUTO_INCREMENT for table `patient`
--
ALTER TABLE `patient`
  MODIFY `patient_id` int(11) NOT NULL AUTO_INCREMENT, AUTO_INCREMENT=6;

--
-- AUTO_INCREMENT for table `pharmacist`
--
ALTER TABLE `pharmacist`
  MODIFY `pharmacist_Id` int(11) NOT NULL AUTO_INCREMENT, AUTO_INCREMENT=3;

--
-- AUTO_INCREMENT for table `physical_activity`
--
ALTER TABLE `physical_activity`
  MODIFY `activity_id` int(11) NOT NULL AUTO_INCREMENT;

--
-- AUTO_INCREMENT for table `prescribed_medicine`
--
ALTER TABLE `prescribed_medicine`
  MODIFY `pmed_id` int(11) NOT NULL AUTO_INCREMENT, AUTO_INCREMENT=8;

--
-- AUTO_INCREMENT for table `prescription`
--
ALTER TABLE `prescription`
  MODIFY `prescription_id` int(11) NOT NULL AUTO_INCREMENT, AUTO_INCREMENT=6;

--
-- AUTO_INCREMENT for table `receptionist`
--
ALTER TABLE `receptionist`
  MODIFY `receptionist_id` int(11) NOT NULL AUTO_INCREMENT, AUTO_INCREMENT=6;

--
-- AUTO_INCREMENT for table `test_request`
--
ALTER TABLE `test_request`
  MODIFY `request_id` int(11) NOT NULL AUTO_INCREMENT, AUTO_INCREMENT=6;

--
-- AUTO_INCREMENT for table `test_result`
--
ALTER TABLE `test_result`
  MODIFY `result_id` int(11) NOT NULL AUTO_INCREMENT, AUTO_INCREMENT=3;

--
-- AUTO_INCREMENT for table `user`
--
ALTER TABLE `user`
  MODIFY `user_id` int(11) NOT NULL AUTO_INCREMENT, AUTO_INCREMENT=28;

--
-- AUTO_INCREMENT for table `visit_record`
--
ALTER TABLE `visit_record`
  MODIFY `record_id` int(11) NOT NULL AUTO_INCREMENT;

--
-- Constraints for dumped tables
--

--
-- Constraints for table `admin`
--
ALTER TABLE `admin`
  ADD CONSTRAINT `admin_ibfk_1` FOREIGN KEY (`user_id`) REFERENCES `user` (`user_id`) ON DELETE CASCADE ON UPDATE CASCADE;

--
-- Constraints for table `appointment`
--
ALTER TABLE `appointment`
  ADD CONSTRAINT `appointment_ibfk_1` FOREIGN KEY (`patient_id`) REFERENCES `patient` (`patient_id`),
  ADD CONSTRAINT `appointment_ibfk_2` FOREIGN KEY (`doc_id`) REFERENCES `doctor` (`doc_id`);

--
-- Constraints for table `audit_trail`
--
ALTER TABLE `audit_trail`
  ADD CONSTRAINT `audit_trail_ibfk_1` FOREIGN KEY (`username`) REFERENCES `user` (`username`);

--
-- Constraints for table `chart`
--
ALTER TABLE `chart`
  ADD CONSTRAINT `chart_ibfk_1` FOREIGN KEY (`patient_id`) REFERENCES `patient` (`patient_id`);

--
-- Constraints for table `complication`
--
ALTER TABLE `complication`
  ADD CONSTRAINT `complication_ibfk_1` FOREIGN KEY (`diagnosis_id`) REFERENCES `diagnosis` (`diagnosis_id`);

--
-- Constraints for table `diagnosis`
--
ALTER TABLE `diagnosis`
  ADD CONSTRAINT `diagnosis_ibfk_1` FOREIGN KEY (`doc_id`) REFERENCES `doctor` (`doc_id`),
  ADD CONSTRAINT `diagnosis_ibfk_2` FOREIGN KEY (`patient_id`) REFERENCES `patient` (`patient_id`);

--
-- Constraints for table `doctor`
--
ALTER TABLE `doctor`
  ADD CONSTRAINT `doctor_ibfk_1` FOREIGN KEY (`user_id`) REFERENCES `user` (`user_id`) ON DELETE CASCADE ON UPDATE CASCADE;

--
-- Constraints for table `dplan_food`
--
ALTER TABLE `dplan_food`
  ADD CONSTRAINT `dplan_food_ibfk_1` FOREIGN KEY (`dplan_id`) REFERENCES `dietary_plan` (`dplan_id`),
  ADD CONSTRAINT `dplan_food_ibfk_2` FOREIGN KEY (`food_id`) REFERENCES `food` (`food_id`);

--
-- Constraints for table `eplan_activity`
--
ALTER TABLE `eplan_activity`
  ADD CONSTRAINT `eplan_activity_ibfk_1` FOREIGN KEY (`eplan_id`) REFERENCES `exercise_plan` (`eplan_id`),
  ADD CONSTRAINT `eplan_activity_ibfk_2` FOREIGN KEY (`activity_id`) REFERENCES `physical_activity` (`activity_id`);

--
-- Constraints for table `exercise_plan`
--
ALTER TABLE `exercise_plan`
  ADD CONSTRAINT `exercise_plan_ibfk_1` FOREIGN KEY (`category_id`) REFERENCES `category` (`category_id`);

--
-- Constraints for table `family_history`
--
ALTER TABLE `family_history`
  ADD CONSTRAINT `family_history_ibfk_1` FOREIGN KEY (`history_id`) REFERENCES `history` (`history_id`) ON DELETE CASCADE ON UPDATE CASCADE;

--
-- Constraints for table `history`
--
ALTER TABLE `history`
  ADD CONSTRAINT `history_ibfk_1` FOREIGN KEY (`patient_id`) REFERENCES `patient` (`patient_id`) ON DELETE CASCADE ON UPDATE CASCADE;

--
-- Constraints for table `lab_technician`
--
ALTER TABLE `lab_technician`
  ADD CONSTRAINT `lab_technician_ibfk_1` FOREIGN KEY (`user_id`) REFERENCES `user` (`user_id`) ON DELETE CASCADE ON UPDATE CASCADE;

--
-- Constraints for table `message`
--
ALTER TABLE `message`
  ADD CONSTRAINT `message_ibfk_1` FOREIGN KEY (`sender_id`) REFERENCES `user` (`user_id`),
  ADD CONSTRAINT `message_ibfk_2` FOREIGN KEY (`reciever_id`) REFERENCES `user` (`user_id`);

--
-- Constraints for table `patient`
--
ALTER TABLE `patient`
  ADD CONSTRAINT `patient_ibfk_1` FOREIGN KEY (`user_id`) REFERENCES `user` (`user_id`) ON DELETE CASCADE ON UPDATE CASCADE,
  ADD CONSTRAINT `patient_ibfk_2` FOREIGN KEY (`category_id`) REFERENCES `category` (`category_id`),
  ADD CONSTRAINT `patient_ibfk_3` FOREIGN KEY (`emergency_contact_id`) REFERENCES `emergency_contact` (`contact_id`);

--
-- Constraints for table `pharmacist`
--
ALTER TABLE `pharmacist`
  ADD CONSTRAINT `pharmacist_ibfk_1` FOREIGN KEY (`user_id`) REFERENCES `user` (`user_id`) ON DELETE CASCADE ON UPDATE CASCADE;

--
-- Constraints for table `prescribed_medicine`
--
ALTER TABLE `prescribed_medicine`
  ADD CONSTRAINT `prescribed_medicine_ibfk_1` FOREIGN KEY (`med_id`) REFERENCES `medicine` (`med_id`);

--
-- Constraints for table `prescription`
--
ALTER TABLE `prescription`
  ADD CONSTRAINT `prescription_ibfk_1` FOREIGN KEY (`doc_id`) REFERENCES `doctor` (`doc_id`),
  ADD CONSTRAINT `prescription_ibfk_2` FOREIGN KEY (`patient_id`) REFERENCES `patient` (`patient_id`);

--
-- Constraints for table `prescription_prescribed_med`
--
ALTER TABLE `prescription_prescribed_med`
  ADD CONSTRAINT `prescription_prescribed_med_ibfk_1` FOREIGN KEY (`precription_id`) REFERENCES `prescription` (`prescription_id`),
  ADD CONSTRAINT `prescription_prescribed_med_ibfk_2` FOREIGN KEY (`prescribed_med_no`) REFERENCES `prescribed_medicine` (`pmed_id`);

--
-- Constraints for table `test_request`
--
ALTER TABLE `test_request`
  ADD CONSTRAINT `test_request_ibfk_1` FOREIGN KEY (`doc_id`) REFERENCES `doctor` (`doc_id`) ON DELETE NO ACTION ON UPDATE NO ACTION,
  ADD CONSTRAINT `test_request_ibfk_2` FOREIGN KEY (`patient_id`) REFERENCES `patient` (`patient_id`) ON DELETE NO ACTION ON UPDATE NO ACTION,
  ADD CONSTRAINT `test_request_ibfk_3` FOREIGN KEY (`test_id`) REFERENCES `lab_test` (`test_id`) ON DELETE NO ACTION ON UPDATE NO ACTION;

--
-- Constraints for table `test_result`
--
ALTER TABLE `test_result`
  ADD CONSTRAINT `test_result_ibfk_1` FOREIGN KEY (`labtech_id`) REFERENCES `lab_technician` (`lab_tech_id`) ON DELETE NO ACTION ON UPDATE NO ACTION,
  ADD CONSTRAINT `test_result_ibfk_2` FOREIGN KEY (`request_id`) REFERENCES `test_request` (`request_id`) ON DELETE NO ACTION ON UPDATE NO ACTION;

--
-- Constraints for table `visit_record`
--
ALTER TABLE `visit_record`
  ADD CONSTRAINT `visit_record_ibfk_1` FOREIGN KEY (`appoinment_id`) REFERENCES `appointment` (`appointment_id`);
COMMIT;

/*!40101 SET CHARACTER_SET_CLIENT=@OLD_CHARACTER_SET_CLIENT */;
/*!40101 SET CHARACTER_SET_RESULTS=@OLD_CHARACTER_SET_RESULTS */;
/*!40101 SET COLLATION_CONNECTION=@OLD_COLLATION_CONNECTION */;
